,Source,Dna,zf,f1,f2,f3,ex
0,'',ctcgcgGCGgcggcc,3,KSADLKRHIRI,RSDHLTTHIRT,RSDERKRHTKI,ex-
1,'',ctcgcgGTTgcggcc,3,KSADLKRHIRI,RSDHLTTHIRT,RSDERKRHTKI,ex-
2,'',ctcgatTACgcggcc,3,KSADLKRHIRI,RSDHLTTHIRT,TSGNLVRHTKI,ex-
3,'',ctcgatTATgcggcc,3,KSADLKRHIRI,RSDHLTTHIRT,TSGNLVRHTKI,ex-
4,'',ctcgatTCTgcggcc,3,KSADLKRHIRI,RSDHLTTHIRT,TSGNLVRHTKI,ex-
5,'',ctcgatTTAgcggcc,3,KSADLKRHIRI,RSDHLTTHIRT,TSGNLVRHTKI,ex-
6,'',ctcgatTTCgcggcc,3,KSADLKRHIRI,RSDHLTTHIRT,TSGNLVRHTKI,ex-
7,'',ctcgatTTTgcggcc,3,KSADLKRHIRI,RSDHLTTHIRT,TSGNLVRHTKI,ex-
8,'',ctcgatAAAgcggcc,3,KSADLKRHIRI,QRANLRAHIRT,TSGNLVRHTKI,ex+
9,'',ctcgatAACgcggcc,3,KSADLKRHIRI,DSGNLRVHIRT,TSGNLVRHTKI,ex+
10,'',ctcgatAAGgcggcc,3,KSADLKRHIRI,RSDTLSNHIRT,TSGNLVRHTKI,ex+
11,'',ctcgatAATgcggcc,3,KSADLKRHIRI,TTGNLTVHIRT,TSGNLVRHTKI,ex+
12,'',ctcgatACAgcggcc,3,KSADLKRHIRI,SPADLTRHIRT,TSGNLVRHTKI,ex+
13,'',ctcgatACCgcggcc,3,KSADLKRHIRI,DKKDLTRHIRT,TSGNLVRHTKI,ex+
14,'',ctcgatACGgcggcc,3,KSADLKRHIRI,RTDTLRDHIRT,TSGNLVRHTKI,ex+
15,'',ctcgatACTgcggcc,3,KSADLKRHIRI,THLDLIRHIRT,TSGNLVRHTKI,ex+
16,'',ctcgatAGAgcggcc,3,KSADLKRHIRI,QLAHLRAHIRT,TSGNLVRHTKI,ex+
17,'',ctcgatAGGgcggcc,3,KSADLKRHIRI,RSDHLAEHIRT,TSGNLVRHTKI,ex+
18,'',ctcgatAATgcggcc,3,KSADLKRHIRI,HRTTLLNHIRT,TSGNLVRHTKI,ex+
19,'',ctcgatATAgcggcc,3,KSADLKRHIRI,QKSSLIAHIRT,TSGNLVRHTKI,ex+
20,'',ctcgatATGgcggcc,3,KSADLKRHIRI,RRDALNVHIRT,TSGNLVRHTKI,ex+
21,'',ctcgatATTgcggcc,3,KSADLKRHIRI,HKNALQNHIRT,TSGNLVRHTKI,ex+
22,'',ctcgatAAGgcggcc,3,KSADLKRHIRI,RKDNLKNHIRT,TSGNLVRHTKI,ex+
23,'',ctcgatAATgcggcc,3,KSADLKRHIRI,TSGNLLVHIRT,TSGNLVRHTKI,ex+
24,'',ctcgatACAgcggcc,3,KSADLKRHIRI,SHSDLVRHIRT,TSGNLVRHTKI,ex+
25,'',ctcgatACAgcggcc,3,KSADLKRHIRI,NGGELIRHIRT,TSGNLVRHTKI,ex+
26,'',ctcgatACTgcggcc,3,KSADLKRHIRI,STKDLKRHIRT,TSGNLVRHTKI,ex+
27,'',ctcgatAGGgcggcc,3,KSADLKRHIRI,RSDHLTNHIRT,TSGNLVRHTKI,ex+
28,'',ctcgatATAgcggcc,3,KSADLKRHIRI,QASSLKAHIRT,TSGNLVRHTKI,ex+
29,'',ctcgatATTgcggcc,3,KSADLKRHIRI,TSHGLTTHIRT,TSGNLVRHTKI,ex+
30,'',ctcgatAAGgcggcc,3,KSADLKRHIRI,RSDNLSNHIRT,TSGNLVRHTKI,ex+
31,'',ctcgatAAGgcggcc,3,KSADLKRHIRI,RKDNLKQHIRT,TSGNLVRHTKI,ex+
32,'',ctcgatAGGgcggcc,3,KSADLKRHIRI,RSDHLTQHIRT,TSGNLVRHTKI,ex+
33,'',ctcgatAGTgcggcc,3,KSADLKRHIRI,HRTTLTNHIRT,TSGNLVRHTKI,ex+
34,'',ctcgatATGgcggcc,3,KSADLKRHIRI,RRDELNVHIRT,TSGNLVRHTKI,ex+
35,'',ctcgatAAGgcggcc,3,KSADLKRHIRI,DSGNLRVHIRT,TSGNLVRHTKI,ex-
36,'',ctcgatACAgcggcc,3,KSADLKRHIRI,DSGNLRVHIRT,TSGNLVRHTKI,ex-
37,'',ctcgatACCgcggcc,3,KSADLKRHIRI,DSGNLRVHIRT,TSGNLVRHTKI,ex-
38,'',ctcgatACGgcggcc,3,KSADLKRHIRI,DSGNLRVHIRT,TSGNLVRHTKI,ex-
39,'',ctcgatACTgcggcc,3,KSADLKRHIRI,DSGNLRVHIRT,TSGNLVRHTKI,ex-
40,'',ctcgatAGAgcggcc,3,KSADLKRHIRI,DSGNLRVHIRT,TSGNLVRHTKI,ex-
41,'',ctcgatAGCgcggcc,3,KSADLKRHIRI,DSGNLRVHIRT,TSGNLVRHTKI,ex-
42,'',ctcgatAGGgcggcc,3,KSADLKRHIRI,DSGNLRVHIRT,TSGNLVRHTKI,ex-
43,'',ctcgatAGTgcggcc,3,KSADLKRHIRI,DSGNLRVHIRT,TSGNLVRHTKI,ex-
44,'',ctcgatATAgcggcc,3,KSADLKRHIRI,DSGNLRVHIRT,TSGNLVRHTKI,ex-
45,'',ctcgatATCgcggcc,3,KSADLKRHIRI,DSGNLRVHIRT,TSGNLVRHTKI,ex-
46,'',ctcgatATGgcggcc,3,KSADLKRHIRI,DSGNLRVHIRT,TSGNLVRHTKI,ex-
47,'',ctcgatATTgcggcc,3,KSADLKRHIRI,DSGNLRVHIRT,TSGNLVRHTKI,ex-
48,'',ctcgatAAAgcggcc,3,KSADLKRHIRI,RSDTLSNHIRT,TSGNLVRHTKI,ex-
49,'',ctcgatAACgcggcc,3,KSADLKRHIRI,RSDTLSNHIRT,TSGNLVRHTKI,ex-
50,'',ctcgatAATgcggcc,3,KSADLKRHIRI,RSDTLSNHIRT,TSGNLVRHTKI,ex-
51,'',ctcgatACAgcggcc,3,KSADLKRHIRI,RSDTLSNHIRT,TSGNLVRHTKI,ex-
52,'',ctcgatACCgcggcc,3,KSADLKRHIRI,RSDTLSNHIRT,TSGNLVRHTKI,ex-
53,'',ctcgatACTgcggcc,3,KSADLKRHIRI,RSDTLSNHIRT,TSGNLVRHTKI,ex-
54,'',ctcgatAGAgcggcc,3,KSADLKRHIRI,RSDTLSNHIRT,TSGNLVRHTKI,ex-
55,'',ctcgatAGCgcggcc,3,KSADLKRHIRI,RSDTLSNHIRT,TSGNLVRHTKI,ex-
56,'',ctcgatAGTgcggcc,3,KSADLKRHIRI,RSDTLSNHIRT,TSGNLVRHTKI,ex-
57,'',ctcgatATAgcggcc,3,KSADLKRHIRI,RSDTLSNHIRT,TSGNLVRHTKI,ex-
58,'',ctcgatATCgcggcc,3,KSADLKRHIRI,RSDTLSNHIRT,TSGNLVRHTKI,ex-
59,'',ctcgatATTgcggcc,3,KSADLKRHIRI,RSDTLSNHIRT,TSGNLVRHTKI,ex-
60,'',ctcgatAAAgcggcc,3,KSADLKRHIRI,TTGNLTVHIRT,TSGNLVRHTKI,ex-
61,'',ctcgatAACgcggcc,3,KSADLKRHIRI,TTGNLTVHIRT,TSGNLVRHTKI,ex-
62,'',ctcgatAAGgcggcc,3,KSADLKRHIRI,TTGNLTVHIRT,TSGNLVRHTKI,ex-
63,'',ctcgatACAgcggcc,3,KSADLKRHIRI,TTGNLTVHIRT,TSGNLVRHTKI,ex-
64,'',ctcgatACCgcggcc,3,KSADLKRHIRI,TTGNLTVHIRT,TSGNLVRHTKI,ex-
65,'',ctcgatACGgcggcc,3,KSADLKRHIRI,TTGNLTVHIRT,TSGNLVRHTKI,ex-
66,'',ctcgatACTgcggcc,3,KSADLKRHIRI,TTGNLTVHIRT,TSGNLVRHTKI,ex-
67,'',ctcgatAGAgcggcc,3,KSADLKRHIRI,TTGNLTVHIRT,TSGNLVRHTKI,ex-
68,'',ctcgatAGCgcggcc,3,KSADLKRHIRI,TTGNLTVHIRT,TSGNLVRHTKI,ex-
69,'',ctcgatAGGgcggcc,3,KSADLKRHIRI,TTGNLTVHIRT,TSGNLVRHTKI,ex-
70,'',ctcgatAGTgcggcc,3,KSADLKRHIRI,TTGNLTVHIRT,TSGNLVRHTKI,ex-
71,'',ctcgatATAgcggcc,3,KSADLKRHIRI,TTGNLTVHIRT,TSGNLVRHTKI,ex-
72,'',ctcgatATCgcggcc,3,KSADLKRHIRI,TTGNLTVHIRT,TSGNLVRHTKI,ex-
73,'',ctcgatATGgcggcc,3,KSADLKRHIRI,TTGNLTVHIRT,TSGNLVRHTKI,ex-
74,'',ctcgatATTgcggcc,3,KSADLKRHIRI,TTGNLTVHIRT,TSGNLVRHTKI,ex-
75,'',ctcgatAAAgcggcc,3,KSADLKRHIRI,SPADLTRHIRT,TSGNLVRHTKI,ex-
76,'',ctcgatAACgcggcc,3,KSADLKRHIRI,SPADLTRHIRT,TSGNLVRHTKI,ex-
77,'',ctcgatAAGgcggcc,3,KSADLKRHIRI,SPADLTRHIRT,TSGNLVRHTKI,ex-
78,'',ctcgatAATgcggcc,3,KSADLKRHIRI,SPADLTRHIRT,TSGNLVRHTKI,ex-
79,'',ctcgatACCgcggcc,3,KSADLKRHIRI,SPADLTRHIRT,TSGNLVRHTKI,ex-
80,'',ctcgatACTgcggcc,3,KSADLKRHIRI,SPADLTRHIRT,TSGNLVRHTKI,ex-
81,'',ctcgatAGAgcggcc,3,KSADLKRHIRI,SPADLTRHIRT,TSGNLVRHTKI,ex-
82,'',ctcgatAGCgcggcc,3,KSADLKRHIRI,SPADLTRHIRT,TSGNLVRHTKI,ex-
83,'',ctcgatAGGgcggcc,3,KSADLKRHIRI,SPADLTRHIRT,TSGNLVRHTKI,ex-
84,'',ctcgatAGTgcggcc,3,KSADLKRHIRI,SPADLTRHIRT,TSGNLVRHTKI,ex-
85,'',ctcgatATAgcggcc,3,KSADLKRHIRI,SPADLTRHIRT,TSGNLVRHTKI,ex-
86,'',ctcgatATCgcggcc,3,KSADLKRHIRI,SPADLTRHIRT,TSGNLVRHTKI,ex-
87,'',ctcgatATGgcggcc,3,KSADLKRHIRI,SPADLTRHIRT,TSGNLVRHTKI,ex-
88,'',ctcgatATTgcggcc,3,KSADLKRHIRI,SPADLTRHIRT,TSGNLVRHTKI,ex-
89,'',ctcgatAAAgcggcc,3,KSADLKRHIRI,RTDTLRDHIRT,TSGNLVRHTKI,ex-
90,'',ctcgatAACgcggcc,3,KSADLKRHIRI,RTDTLRDHIRT,TSGNLVRHTKI,ex-
91,'',ctcgatAATgcggcc,3,KSADLKRHIRI,RTDTLRDHIRT,TSGNLVRHTKI,ex-
92,'',ctcgatACAgcggcc,3,KSADLKRHIRI,RTDTLRDHIRT,TSGNLVRHTKI,ex-
93,'',ctcgatACCgcggcc,3,KSADLKRHIRI,RTDTLRDHIRT,TSGNLVRHTKI,ex-
94,'',ctcgatACTgcggcc,3,KSADLKRHIRI,RTDTLRDHIRT,TSGNLVRHTKI,ex-
95,'',ctcgatAGAgcggcc,3,KSADLKRHIRI,RTDTLRDHIRT,TSGNLVRHTKI,ex-
96,'',ctcgatAGCgcggcc,3,KSADLKRHIRI,RTDTLRDHIRT,TSGNLVRHTKI,ex-
97,'',ctcgatAGTgcggcc,3,KSADLKRHIRI,RTDTLRDHIRT,TSGNLVRHTKI,ex-
98,'',ctcgatATAgcggcc,3,KSADLKRHIRI,RTDTLRDHIRT,TSGNLVRHTKI,ex-
99,'',ctcgatATTgcggcc,3,KSADLKRHIRI,RTDTLRDHIRT,TSGNLVRHTKI,ex-
100,'',ctcgatAAAgcggcc,3,KSADLKRHIRI,THLDLIRHIRT,TSGNLVRHTKI,ex-
101,'',ctcgatAACgcggcc,3,KSADLKRHIRI,THLDLIRHIRT,TSGNLVRHTKI,ex-
102,'',ctcgatAAGgcggcc,3,KSADLKRHIRI,THLDLIRHIRT,TSGNLVRHTKI,ex-
103,'',ctcgatAATgcggcc,3,KSADLKRHIRI,THLDLIRHIRT,TSGNLVRHTKI,ex-
104,'',ctcgatAGAgcggcc,3,KSADLKRHIRI,THLDLIRHIRT,TSGNLVRHTKI,ex-
105,'',ctcgatAGGgcggcc,3,KSADLKRHIRI,THLDLIRHIRT,TSGNLVRHTKI,ex-
106,'',ctcgatATAgcggcc,3,KSADLKRHIRI,THLDLIRHIRT,TSGNLVRHTKI,ex-
107,'',ctcgatATCgcggcc,3,KSADLKRHIRI,THLDLIRHIRT,TSGNLVRHTKI,ex-
108,'',ctcgatATGgcggcc,3,KSADLKRHIRI,THLDLIRHIRT,TSGNLVRHTKI,ex-
109,'',ctcgatATTgcggcc,3,KSADLKRHIRI,THLDLIRHIRT,TSGNLVRHTKI,ex-
110,'',ctcgatAAAgcggcc,3,KSADLKRHIRI,RSDHLAEHIRT,TSGNLVRHTKI,ex-
111,'',ctcgatAACgcggcc,3,KSADLKRHIRI,RSDHLAEHIRT,TSGNLVRHTKI,ex-
112,'',ctcgatAATgcggcc,3,KSADLKRHIRI,RSDHLAEHIRT,TSGNLVRHTKI,ex-
113,'',ctcgatACAgcggcc,3,KSADLKRHIRI,RSDHLAEHIRT,TSGNLVRHTKI,ex-
114,'',ctcgatACCgcggcc,3,KSADLKRHIRI,RSDHLAEHIRT,TSGNLVRHTKI,ex-
115,'',ctcgatACGgcggcc,3,KSADLKRHIRI,RSDHLAEHIRT,TSGNLVRHTKI,ex-
116,'',ctcgatACTgcggcc,3,KSADLKRHIRI,RSDHLAEHIRT,TSGNLVRHTKI,ex-
117,'',ctcgatAGAgcggcc,3,KSADLKRHIRI,RSDHLAEHIRT,TSGNLVRHTKI,ex-
118,'',ctcgatAGCgcggcc,3,KSADLKRHIRI,RSDHLAEHIRT,TSGNLVRHTKI,ex-
119,'',ctcgatAGTgcggcc,3,KSADLKRHIRI,RSDHLAEHIRT,TSGNLVRHTKI,ex-
120,'',ctcgatATAgcggcc,3,KSADLKRHIRI,RSDHLAEHIRT,TSGNLVRHTKI,ex-
121,'',ctcgatATCgcggcc,3,KSADLKRHIRI,RSDHLAEHIRT,TSGNLVRHTKI,ex-
122,'',ctcgatATGgcggcc,3,KSADLKRHIRI,RSDHLAEHIRT,TSGNLVRHTKI,ex-
123,'',ctcgatATTgcggcc,3,KSADLKRHIRI,RSDHLAEHIRT,TSGNLVRHTKI,ex-
124,'',ctcgatAAAgcggcc,3,KSADLKRHIRI,HRTTLLNHIRT,TSGNLVRHTKI,ex-
125,'',ctcgatAACgcggcc,3,KSADLKRHIRI,HRTTLLNHIRT,TSGNLVRHTKI,ex-
126,'',ctcgatAAGgcggcc,3,KSADLKRHIRI,HRTTLLNHIRT,TSGNLVRHTKI,ex-
127,'',ctcgatACAgcggcc,3,KSADLKRHIRI,HRTTLLNHIRT,TSGNLVRHTKI,ex-
128,'',ctcgatACCgcggcc,3,KSADLKRHIRI,HRTTLLNHIRT,TSGNLVRHTKI,ex-
129,'',ctcgatACGgcggcc,3,KSADLKRHIRI,HRTTLLNHIRT,TSGNLVRHTKI,ex-
130,'',ctcgatAGAgcggcc,3,KSADLKRHIRI,HRTTLLNHIRT,TSGNLVRHTKI,ex-
131,'',ctcgatAGCgcggcc,3,KSADLKRHIRI,HRTTLLNHIRT,TSGNLVRHTKI,ex-
132,'',ctcgatAGGgcggcc,3,KSADLKRHIRI,HRTTLLNHIRT,TSGNLVRHTKI,ex-
133,'',ctcgatATAgcggcc,3,KSADLKRHIRI,HRTTLLNHIRT,TSGNLVRHTKI,ex-
134,'',ctcgatATCgcggcc,3,KSADLKRHIRI,HRTTLLNHIRT,TSGNLVRHTKI,ex-
135,'',ctcgatATGgcggcc,3,KSADLKRHIRI,HRTTLLNHIRT,TSGNLVRHTKI,ex-
136,'',ctcgatAACgcggcc,3,KSADLKRHIRI,QKSSLIAHIRT,TSGNLVRHTKI,ex-
137,'',ctcgatAAGgcggcc,3,KSADLKRHIRI,QKSSLIAHIRT,TSGNLVRHTKI,ex-
138,'',ctcgatACGgcggcc,3,KSADLKRHIRI,QKSSLIAHIRT,TSGNLVRHTKI,ex-
139,'',ctcgatAGGgcggcc,3,KSADLKRHIRI,QKSSLIAHIRT,TSGNLVRHTKI,ex-
140,'',ctcgatATGgcggcc,3,KSADLKRHIRI,QKSSLIAHIRT,TSGNLVRHTKI,ex-
141,'',ctcgatAAAgcggcc,3,KSADLKRHIRI,HKNALQNHIRT,TSGNLVRHTKI,ex-
142,'',ctcgatAACgcggcc,3,KSADLKRHIRI,HKNALQNHIRT,TSGNLVRHTKI,ex-
143,'',ctcgatAAGgcggcc,3,KSADLKRHIRI,HKNALQNHIRT,TSGNLVRHTKI,ex-
144,'',ctcgatAATgcggcc,3,KSADLKRHIRI,HKNALQNHIRT,TSGNLVRHTKI,ex-
145,'',ctcgatACAgcggcc,3,KSADLKRHIRI,HKNALQNHIRT,TSGNLVRHTKI,ex-
146,'',ctcgatACCgcggcc,3,KSADLKRHIRI,HKNALQNHIRT,TSGNLVRHTKI,ex-
147,'',ctcgatACGgcggcc,3,KSADLKRHIRI,HKNALQNHIRT,TSGNLVRHTKI,ex-
148,'',ctcgatACTgcggcc,3,KSADLKRHIRI,HKNALQNHIRT,TSGNLVRHTKI,ex-
149,'',ctcgatAGAgcggcc,3,KSADLKRHIRI,HKNALQNHIRT,TSGNLVRHTKI,ex-
150,'',ctcgatAGCgcggcc,3,KSADLKRHIRI,HKNALQNHIRT,TSGNLVRHTKI,ex-
151,'',ctcgatAGGgcggcc,3,KSADLKRHIRI,HKNALQNHIRT,TSGNLVRHTKI,ex-
152,'',ctcgatAGTgcggcc,3,KSADLKRHIRI,HKNALQNHIRT,TSGNLVRHTKI,ex-
153,'',ctcgatATAgcggcc,3,KSADLKRHIRI,HKNALQNHIRT,TSGNLVRHTKI,ex-
154,'',ctcgatATGgcggcc,3,KSADLKRHIRI,HKNALQNHIRT,TSGNLVRHTKI,ex-
155,'',ctcgatAAAgcggcc,3,KSADLKRHIRI,RKDNLKNHIRT,TSGNLVRHTKI,ex-
156,'',ctcgatAACgcggcc,3,KSADLKRHIRI,RKDNLKNHIRT,TSGNLVRHTKI,ex-
157,'',ctcgatAATgcggcc,3,KSADLKRHIRI,RKDNLKNHIRT,TSGNLVRHTKI,ex-
158,'',ctcgatACAgcggcc,3,KSADLKRHIRI,RKDNLKNHIRT,TSGNLVRHTKI,ex-
159,'',ctcgatACCgcggcc,3,KSADLKRHIRI,RKDNLKNHIRT,TSGNLVRHTKI,ex-
160,'',ctcgatACTgcggcc,3,KSADLKRHIRI,RKDNLKNHIRT,TSGNLVRHTKI,ex-
161,'',ctcgatAGAgcggcc,3,KSADLKRHIRI,RKDNLKNHIRT,TSGNLVRHTKI,ex-
162,'',ctcgatAGCgcggcc,3,KSADLKRHIRI,RKDNLKNHIRT,TSGNLVRHTKI,ex-
163,'',ctcgatAGTgcggcc,3,KSADLKRHIRI,RKDNLKNHIRT,TSGNLVRHTKI,ex-
164,'',ctcgatATAgcggcc,3,KSADLKRHIRI,RKDNLKNHIRT,TSGNLVRHTKI,ex-
165,'',ctcgatATCgcggcc,3,KSADLKRHIRI,RKDNLKNHIRT,TSGNLVRHTKI,ex-
166,'',ctcgatATTgcggcc,3,KSADLKRHIRI,RKDNLKNHIRT,TSGNLVRHTKI,ex-
167,'',ctcgatAAAgcggcc,3,KSADLKRHIRI,TSGNLLVHIRT,TSGNLVRHTKI,ex-
168,'',ctcgatAACgcggcc,3,KSADLKRHIRI,TSGNLLVHIRT,TSGNLVRHTKI,ex-
169,'',ctcgatAAGgcggcc,3,KSADLKRHIRI,TSGNLLVHIRT,TSGNLVRHTKI,ex-
170,'',ctcgatACAgcggcc,3,KSADLKRHIRI,TSGNLLVHIRT,TSGNLVRHTKI,ex-
171,'',ctcgatACCgcggcc,3,KSADLKRHIRI,TSGNLLVHIRT,TSGNLVRHTKI,ex-
172,'',ctcgatACGgcggcc,3,KSADLKRHIRI,TSGNLLVHIRT,TSGNLVRHTKI,ex-
173,'',ctcgatACTgcggcc,3,KSADLKRHIRI,TSGNLLVHIRT,TSGNLVRHTKI,ex-
174,'',ctcgatAGAgcggcc,3,KSADLKRHIRI,TSGNLLVHIRT,TSGNLVRHTKI,ex-
175,'',ctcgatAGCgcggcc,3,KSADLKRHIRI,TSGNLLVHIRT,TSGNLVRHTKI,ex-
176,'',ctcgatAGGgcggcc,3,KSADLKRHIRI,TSGNLLVHIRT,TSGNLVRHTKI,ex-
177,'',ctcgatATAgcggcc,3,KSADLKRHIRI,TSGNLLVHIRT,TSGNLVRHTKI,ex-
178,'',ctcgatATCgcggcc,3,KSADLKRHIRI,TSGNLLVHIRT,TSGNLVRHTKI,ex-
179,'',ctcgatATGgcggcc,3,KSADLKRHIRI,TSGNLLVHIRT,TSGNLVRHTKI,ex-
180,'',ctcgatATTgcggcc,3,KSADLKRHIRI,TSGNLLVHIRT,TSGNLVRHTKI,ex-
181,'',ctcgatAAAgcggcc,3,KSADLKRHIRI,SHSDLVRHIRT,TSGNLVRHTKI,ex-
182,'',ctcgatAACgcggcc,3,KSADLKRHIRI,SHSDLVRHIRT,TSGNLVRHTKI,ex-
183,'',ctcgatAAGgcggcc,3,KSADLKRHIRI,SHSDLVRHIRT,TSGNLVRHTKI,ex-
184,'',ctcgatAATgcggcc,3,KSADLKRHIRI,SHSDLVRHIRT,TSGNLVRHTKI,ex-
185,'',ctcgatAGAgcggcc,3,KSADLKRHIRI,SHSDLVRHIRT,TSGNLVRHTKI,ex-
186,'',ctcgatAGCgcggcc,3,KSADLKRHIRI,SHSDLVRHIRT,TSGNLVRHTKI,ex-
187,'',ctcgatAGGgcggcc,3,KSADLKRHIRI,SHSDLVRHIRT,TSGNLVRHTKI,ex-
188,'',ctcgatAGTgcggcc,3,KSADLKRHIRI,SHSDLVRHIRT,TSGNLVRHTKI,ex-
189,'',ctcgatATAgcggcc,3,KSADLKRHIRI,SHSDLVRHIRT,TSGNLVRHTKI,ex-
190,'',ctcgatATCgcggcc,3,KSADLKRHIRI,SHSDLVRHIRT,TSGNLVRHTKI,ex-
191,'',ctcgatATGgcggcc,3,KSADLKRHIRI,SHSDLVRHIRT,TSGNLVRHTKI,ex-
192,'',ctcgatATTgcggcc,3,KSADLKRHIRI,SHSDLVRHIRT,TSGNLVRHTKI,ex-
193,'',ctcgatAAAgcggcc,3,KSADLKRHIRI,NGGELIRHIRT,TSGNLVRHTKI,ex-
194,'',ctcgatAACgcggcc,3,KSADLKRHIRI,NGGELIRHIRT,TSGNLVRHTKI,ex-
195,'',ctcgatAAGgcggcc,3,KSADLKRHIRI,NGGELIRHIRT,TSGNLVRHTKI,ex-
196,'',ctcgatAATgcggcc,3,KSADLKRHIRI,NGGELIRHIRT,TSGNLVRHTKI,ex-
197,'',ctcgatACCgcggcc,3,KSADLKRHIRI,NGGELIRHIRT,TSGNLVRHTKI,ex-
198,'',ctcgatACGgcggcc,3,KSADLKRHIRI,NGGELIRHIRT,TSGNLVRHTKI,ex-
199,'',ctcgatACTgcggcc,3,KSADLKRHIRI,NGGELIRHIRT,TSGNLVRHTKI,ex-
200,'',ctcgatAGAgcggcc,3,KSADLKRHIRI,NGGELIRHIRT,TSGNLVRHTKI,ex-
201,'',ctcgatAGCgcggcc,3,KSADLKRHIRI,NGGELIRHIRT,TSGNLVRHTKI,ex-
202,'',ctcgatAGGgcggcc,3,KSADLKRHIRI,NGGELIRHIRT,TSGNLVRHTKI,ex-
203,'',ctcgatAGTgcggcc,3,KSADLKRHIRI,NGGELIRHIRT,TSGNLVRHTKI,ex-
204,'',ctcgatATAgcggcc,3,KSADLKRHIRI,NGGELIRHIRT,TSGNLVRHTKI,ex-
205,'',ctcgatATCgcggcc,3,KSADLKRHIRI,NGGELIRHIRT,TSGNLVRHTKI,ex-
206,'',ctcgatATGgcggcc,3,KSADLKRHIRI,NGGELIRHIRT,TSGNLVRHTKI,ex-
207,'',ctcgatATTgcggcc,3,KSADLKRHIRI,NGGELIRHIRT,TSGNLVRHTKI,ex-
208,'',ctcgatAACgcggcc,3,KSADLKRHIRI,STKDLKRHIRT,TSGNLVRHTKI,ex-
209,'',ctcgatAAGgcggcc,3,KSADLKRHIRI,STKDLKRHIRT,TSGNLVRHTKI,ex-
210,'',ctcgatAATgcggcc,3,KSADLKRHIRI,STKDLKRHIRT,TSGNLVRHTKI,ex-
211,'',ctcgatAGGgcggcc,3,KSADLKRHIRI,STKDLKRHIRT,TSGNLVRHTKI,ex-
212,'',ctcgatAGTgcggcc,3,KSADLKRHIRI,STKDLKRHIRT,TSGNLVRHTKI,ex-
213,'',ctcgatATAgcggcc,3,KSADLKRHIRI,STKDLKRHIRT,TSGNLVRHTKI,ex-
214,'',ctcgatATCgcggcc,3,KSADLKRHIRI,STKDLKRHIRT,TSGNLVRHTKI,ex-
215,'',ctcgatAAAgcggcc,3,KSADLKRHIRI,RSDHLTNHIRT,TSGNLVRHTKI,ex-
216,'',ctcgatAACgcggcc,3,KSADLKRHIRI,RSDHLTNHIRT,TSGNLVRHTKI,ex-
217,'',ctcgatAATgcggcc,3,KSADLKRHIRI,RSDHLTNHIRT,TSGNLVRHTKI,ex-
218,'',ctcgatACAgcggcc,3,KSADLKRHIRI,RSDHLTNHIRT,TSGNLVRHTKI,ex-
219,'',ctcgatACCgcggcc,3,KSADLKRHIRI,RSDHLTNHIRT,TSGNLVRHTKI,ex-
220,'',ctcgatACTgcggcc,3,KSADLKRHIRI,RSDHLTNHIRT,TSGNLVRHTKI,ex-
221,'',ctcgatATAgcggcc,3,KSADLKRHIRI,RSDHLTNHIRT,TSGNLVRHTKI,ex-
222,'',ctcgatATCgcggcc,3,KSADLKRHIRI,RSDHLTNHIRT,TSGNLVRHTKI,ex-
223,'',ctcgatATGgcggcc,3,KSADLKRHIRI,RSDHLTNHIRT,TSGNLVRHTKI,ex-
224,'',ctcgatATTgcggcc,3,KSADLKRHIRI,RSDHLTNHIRT,TSGNLVRHTKI,ex-
225,'',ctcgatAAAgcggcc,3,KSADLKRHIRI,QASSLKAHIRT,TSGNLVRHTKI,ex-
226,'',ctcgatAACgcggcc,3,KSADLKRHIRI,QASSLKAHIRT,TSGNLVRHTKI,ex-
227,'',ctcgatAAGgcggcc,3,KSADLKRHIRI,QASSLKAHIRT,TSGNLVRHTKI,ex-
228,'',ctcgatAATgcggcc,3,KSADLKRHIRI,QASSLKAHIRT,TSGNLVRHTKI,ex-
229,'',ctcgatACCgcggcc,3,KSADLKRHIRI,QASSLKAHIRT,TSGNLVRHTKI,ex-
230,'',ctcgatACGgcggcc,3,KSADLKRHIRI,QASSLKAHIRT,TSGNLVRHTKI,ex-
231,'',ctcgatACTgcggcc,3,KSADLKRHIRI,QASSLKAHIRT,TSGNLVRHTKI,ex-
232,'',ctcgatAGAgcggcc,3,KSADLKRHIRI,QASSLKAHIRT,TSGNLVRHTKI,ex-
233,'',ctcgatAGCgcggcc,3,KSADLKRHIRI,QASSLKAHIRT,TSGNLVRHTKI,ex-
234,'',ctcgatAGGgcggcc,3,KSADLKRHIRI,QASSLKAHIRT,TSGNLVRHTKI,ex-
235,'',ctcgatAGTgcggcc,3,KSADLKRHIRI,QASSLKAHIRT,TSGNLVRHTKI,ex-
236,'',ctcgatATCgcggcc,3,KSADLKRHIRI,QASSLKAHIRT,TSGNLVRHTKI,ex-
237,'',ctcgatATGgcggcc,3,KSADLKRHIRI,QASSLKAHIRT,TSGNLVRHTKI,ex-
238,'',ctcgatATTgcggcc,3,KSADLKRHIRI,QASSLKAHIRT,TSGNLVRHTKI,ex-
239,'',ctcgatAACgcggcc,3,KSADLKRHIRI,TSHGLTTHIRT,TSGNLVRHTKI,ex-
240,'',ctcgatAAGgcggcc,3,KSADLKRHIRI,TSHGLTTHIRT,TSGNLVRHTKI,ex-
241,'',ctcgatAATgcggcc,3,KSADLKRHIRI,TSHGLTTHIRT,TSGNLVRHTKI,ex-
242,'',ctcgatACCgcggcc,3,KSADLKRHIRI,TSHGLTTHIRT,TSGNLVRHTKI,ex-
243,'',ctcgatACGgcggcc,3,KSADLKRHIRI,TSHGLTTHIRT,TSGNLVRHTKI,ex-
244,'',ctcgatACTgcggcc,3,KSADLKRHIRI,TSHGLTTHIRT,TSGNLVRHTKI,ex-
245,'',ctcgatAGCgcggcc,3,KSADLKRHIRI,TSHGLTTHIRT,TSGNLVRHTKI,ex-
246,'',ctcgatAGGgcggcc,3,KSADLKRHIRI,TSHGLTTHIRT,TSGNLVRHTKI,ex-
247,'',ctcgatATAgcggcc,3,KSADLKRHIRI,TSHGLTTHIRT,TSGNLVRHTKI,ex-
248,'',ctcgatAAAgcggcc,3,KSADLKRHIRI,RSDNLSNHIRT,TSGNLVRHTKI,ex-
249,'',ctcgatAACgcggcc,3,KSADLKRHIRI,RSDNLSNHIRT,TSGNLVRHTKI,ex-
250,'',ctcgatAATgcggcc,3,KSADLKRHIRI,RSDNLSNHIRT,TSGNLVRHTKI,ex-
251,'',ctcgatACAgcggcc,3,KSADLKRHIRI,RSDNLSNHIRT,TSGNLVRHTKI,ex-
252,'',ctcgatACCgcggcc,3,KSADLKRHIRI,RSDNLSNHIRT,TSGNLVRHTKI,ex-
253,'',ctcgatACTgcggcc,3,KSADLKRHIRI,RSDNLSNHIRT,TSGNLVRHTKI,ex-
254,'',ctcgatAGAgcggcc,3,KSADLKRHIRI,RSDNLSNHIRT,TSGNLVRHTKI,ex-
255,'',ctcgatAGTgcggcc,3,KSADLKRHIRI,RSDNLSNHIRT,TSGNLVRHTKI,ex-
256,'',ctcgatATAgcggcc,3,KSADLKRHIRI,RSDNLSNHIRT,TSGNLVRHTKI,ex-
257,'',ctcgatATCgcggcc,3,KSADLKRHIRI,RSDNLSNHIRT,TSGNLVRHTKI,ex-
258,'',ctcgatATTgcggcc,3,KSADLKRHIRI,RSDNLSNHIRT,TSGNLVRHTKI,ex-
259,'',ctcgatAAAgcggcc,3,KSADLKRHIRI,RKDNLKQHIRT,TSGNLVRHTKI,ex-
260,'',ctcgatAACgcggcc,3,KSADLKRHIRI,RKDNLKQHIRT,TSGNLVRHTKI,ex-
261,'',ctcgatAATgcggcc,3,KSADLKRHIRI,RKDNLKQHIRT,TSGNLVRHTKI,ex-
262,'',ctcgatACAgcggcc,3,KSADLKRHIRI,RKDNLKQHIRT,TSGNLVRHTKI,ex-
263,'',ctcgatACCgcggcc,3,KSADLKRHIRI,RKDNLKQHIRT,TSGNLVRHTKI,ex-
264,'',ctcgatACTgcggcc,3,KSADLKRHIRI,RKDNLKQHIRT,TSGNLVRHTKI,ex-
265,'',ctcgatAGAgcggcc,3,KSADLKRHIRI,RKDNLKQHIRT,TSGNLVRHTKI,ex-
266,'',ctcgatAGCgcggcc,3,KSADLKRHIRI,RKDNLKQHIRT,TSGNLVRHTKI,ex-
267,'',ctcgatAGTgcggcc,3,KSADLKRHIRI,RKDNLKQHIRT,TSGNLVRHTKI,ex-
268,'',ctcgatATAgcggcc,3,KSADLKRHIRI,RKDNLKQHIRT,TSGNLVRHTKI,ex-
269,'',ctcgatATCgcggcc,3,KSADLKRHIRI,RKDNLKQHIRT,TSGNLVRHTKI,ex-
270,'',ctcgatATTgcggcc,3,KSADLKRHIRI,RKDNLKQHIRT,TSGNLVRHTKI,ex-
271,'',ctcgatAAAgcggcc,3,KSADLKRHIRI,RSDHLTQHIRT,TSGNLVRHTKI,ex-
272,'',ctcgatAACgcggcc,3,KSADLKRHIRI,RSDHLTQHIRT,TSGNLVRHTKI,ex-
273,'',ctcgatAATgcggcc,3,KSADLKRHIRI,RSDHLTQHIRT,TSGNLVRHTKI,ex-
274,'',ctcgatACAgcggcc,3,KSADLKRHIRI,RSDHLTQHIRT,TSGNLVRHTKI,ex-
275,'',ctcgatACCgcggcc,3,KSADLKRHIRI,RSDHLTQHIRT,TSGNLVRHTKI,ex-
276,'',ctcgatACGgcggcc,3,KSADLKRHIRI,RSDHLTQHIRT,TSGNLVRHTKI,ex-
277,'',ctcgatACTgcggcc,3,KSADLKRHIRI,RSDHLTQHIRT,TSGNLVRHTKI,ex-
278,'',ctcgatAGAgcggcc,3,KSADLKRHIRI,RSDHLTQHIRT,TSGNLVRHTKI,ex-
279,'',ctcgatAGCgcggcc,3,KSADLKRHIRI,RSDHLTQHIRT,TSGNLVRHTKI,ex-
280,'',ctcgatAGTgcggcc,3,KSADLKRHIRI,RSDHLTQHIRT,TSGNLVRHTKI,ex-
281,'',ctcgatATAgcggcc,3,KSADLKRHIRI,RSDHLTQHIRT,TSGNLVRHTKI,ex-
282,'',ctcgatATCgcggcc,3,KSADLKRHIRI,RSDHLTQHIRT,TSGNLVRHTKI,ex-
283,'',ctcgatATGgcggcc,3,KSADLKRHIRI,RSDHLTQHIRT,TSGNLVRHTKI,ex-
284,'',ctcgatATTgcggcc,3,KSADLKRHIRI,RSDHLTQHIRT,TSGNLVRHTKI,ex-
285,'',ctcgatAAAgcggcc,3,KSADLKRHIRI,HRTTLTNHIRT,TSGNLVRHTKI,ex-
286,'',ctcgatAACgcggcc,3,KSADLKRHIRI,HRTTLTNHIRT,TSGNLVRHTKI,ex-
287,'',ctcgatAAGgcggcc,3,KSADLKRHIRI,HRTTLTNHIRT,TSGNLVRHTKI,ex-
288,'',ctcgatACAgcggcc,3,KSADLKRHIRI,HRTTLTNHIRT,TSGNLVRHTKI,ex-
289,'',ctcgatACCgcggcc,3,KSADLKRHIRI,HRTTLTNHIRT,TSGNLVRHTKI,ex-
290,'',ctcgatACGgcggcc,3,KSADLKRHIRI,HRTTLTNHIRT,TSGNLVRHTKI,ex-
291,'',ctcgatAGAgcggcc,3,KSADLKRHIRI,HRTTLTNHIRT,TSGNLVRHTKI,ex-
292,'',ctcgatAGCgcggcc,3,KSADLKRHIRI,HRTTLTNHIRT,TSGNLVRHTKI,ex-
293,'',ctcgatAGGgcggcc,3,KSADLKRHIRI,HRTTLTNHIRT,TSGNLVRHTKI,ex-
294,'',ctcgatATAgcggcc,3,KSADLKRHIRI,HRTTLTNHIRT,TSGNLVRHTKI,ex-
295,'',ctcgatATCgcggcc,3,KSADLKRHIRI,HRTTLTNHIRT,TSGNLVRHTKI,ex-
296,'',ctcgatATGgcggcc,3,KSADLKRHIRI,HRTTLTNHIRT,TSGNLVRHTKI,ex-
297,'',ctcgatAAAgcggcc,3,KSADLKRHIRI,RRDELNVHIRT,TSGNLVRHTKI,ex-
298,'',ctcgatAACgcggcc,3,KSADLKRHIRI,RRDELNVHIRT,TSGNLVRHTKI,ex-
299,'',ctcgatAATgcggcc,3,KSADLKRHIRI,RRDELNVHIRT,TSGNLVRHTKI,ex-
300,'',ctcgatACAgcggcc,3,KSADLKRHIRI,RRDELNVHIRT,TSGNLVRHTKI,ex-
301,'',ctcgatACCgcggcc,3,KSADLKRHIRI,RRDELNVHIRT,TSGNLVRHTKI,ex-
302,'',ctcgatACTgcggcc,3,KSADLKRHIRI,RRDELNVHIRT,TSGNLVRHTKI,ex-
303,'',ctcgatAGAgcggcc,3,KSADLKRHIRI,RRDELNVHIRT,TSGNLVRHTKI,ex-
304,'',ctcgatAGCgcggcc,3,KSADLKRHIRI,RRDELNVHIRT,TSGNLVRHTKI,ex-
305,'',ctcgatAGGgcggcc,3,KSADLKRHIRI,RRDELNVHIRT,TSGNLVRHTKI,ex-
306,'',ctcgatAGTgcggcc,3,KSADLKRHIRI,RRDELNVHIRT,TSGNLVRHTKI,ex-
307,'',ctcgatATAgcggcc,3,KSADLKRHIRI,RRDELNVHIRT,TSGNLVRHTKI,ex-
308,'',ctcgatATCgcggcc,3,KSADLKRHIRI,RRDELNVHIRT,TSGNLVRHTKI,ex-
309,'',ctcgatATTgcggcc,3,KSADLKRHIRI,RRDELNVHIRT,TSGNLVRHTKI,ex-
310,'',ctcgatTAGgcggcc,3,KSADLKRHIRI,REDNLHTHIRT,TSGNLVRHTKI,ex+
311,'',ctcgatTACgcggcc,3,KSADLKRHIRI,REDNLHTHIRT,TSGNLVRHTKI,ex-
312,'',ctcgatTATgcggcc,3,KSADLKRHIRI,REDNLHTHIRT,TSGNLVRHTKI,ex-
313,'',ctcgatTCAgcggcc,3,KSADLKRHIRI,REDNLHTHIRT,TSGNLVRHTKI,ex-
314,'',ctcgatTCCgcggcc,3,KSADLKRHIRI,REDNLHTHIRT,TSGNLVRHTKI,ex-
315,'',ctcgatTCGgcggcc,3,KSADLKRHIRI,REDNLHTHIRT,TSGNLVRHTKI,ex-
316,'',ctcgatTCTgcggcc,3,KSADLKRHIRI,REDNLHTHIRT,TSGNLVRHTKI,ex-
317,'',ctcgatTTAgcggcc,3,KSADLKRHIRI,REDNLHTHIRT,TSGNLVRHTKI,ex-
318,'',ctcgatTTTgcggcc,3,KSADLKRHIRI,REDNLHTHIRT,TSGNLVRHTKI,ex-
319,'',ctcgatCAAgcggcc,3,RSDELTRHIRI,QRHHLVEHIRT,TSGNLVRHTKI,ex+
320,'',ctcgatCAAgcggcc,3,RSDELTRHIRI,SPGHLIEHIRT,TSGNLVRHTKI,ex+
321,'',ctcgatCAAgcggcc,3,RSDELTRHIRI,QLGHLIQHIRT,TSGNLVRHTKI,ex+
322,'',ctcgatCAAgcggcc,3,RSDELTRHIRI,NTKQLRNHIRT,TSGNLVRHTKI,ex+
323,'',ctcgatCAAgcggcc,3,RSDELTRHIRI,NTTHLEHHIRT,TSGNLVRHTKI,ex+
324,'',ctcgatCCAgcggcc,3,RSDELTRHIRI,QRHHLVEHIRT,TSGNLVRHTKI,ex+
325,'',ctcgatCCAgcggcc,3,RSDELTRHIRI,SPGHLIEHIRT,TSGNLVRHTKI,ex+
326,'',ctcgatCCAgcggcc,3,RSDELTRHIRI,SCGHLTEHIRT,TSGNLVRHTKI,ex+
327,'',ctcgatCCAgcggcc,3,RSDELTRHIRI,SCSHLAEHIRT,TSGNLVRHTKI,ex+
328,'',ctcgatCCAgcggcc,3,RSDELTRHIRI,THRDLRQHIRT,TSGNLVRHTKI,ex+
329,'',ctcgatCGAgcggcc,3,RSDELTRHIRI,QLAHLKEHIRT,TSGNLVRHTKI,ex+
330,'',ctcgatCGAgcggcc,3,RSDELTRHIRI,RSDHLTNHIRT,TSGNLVRHTKI,ex+
331,'',ctcgatCTAgcggcc,3,RSDELTRHIRI,QRHSLTEHIRT,TSGNLVRHTKI,ex+
332,'',ctcgatCACgcggcc,3,RSDELTRHIRI,QRHHLVEHIRT,TSGNLVRHTKI,ex+
333,'',ctcgatCACgcggcc,3,RSDELTRHIRI,SPGHLIEHIRT,TSGNLVRHTKI,ex+
334,'',ctcgatCACgcggcc,3,RSDELTRHIRI,QLHHLRDHIRT,TSGNLVRHTKI,ex+
335,'',ctcgatCACgcggcc,3,RSDELTRHIRI,NCNHLAEHIRT,TSGNLVRHTKI,ex+
336,'',ctcgatCACgcggcc,3,RSDELTRHIRI,GPAGLIRHIRT,TSGNLVRHTKI,ex+
337,'',ctcgatCCCgcggcc,3,RSDELTRHIRI,SPGHLIEHIRT,TSGNLVRHTKI,ex+
338,'',ctcgatCCCgcggcc,3,RSDELTRHIRI,SVRNLREHIRT,TSGNLVRHTKI,ex+
339,'',ctcgatCCCgcggcc,3,RSDELTRHIRI,SKKHLAEHIRT,TSGNLVRHTKI,ex+
340,'',ctcgatCGCgcggcc,3,RSDELTRHIRI,QRHHLVEHIRT,TSGNLVRHTKI,ex+
341,'',ctcgatCGCgcggcc,3,RSDELTRHIRI,SPGHLVEHIRT,TSGNLVRHTKI,ex+
342,'',ctcgatCGCgcggcc,3,RSDELTRHIRI,GLKWLVVHIRT,TSGNLVRHTKI,ex+
343,'',ctcgatCGCgcggcc,3,RSDELTRHIRI,DLRWLVVHIRT,TSGNLVRHTKI,ex+
344,'',ctcgatCGCgcggcc,3,RSDELTRHIRI,NCFHLTEHIRT,TSGNLVRHTKI,ex+
345,'',ctcgatCGCgcggcc,3,RSDELTRHIRI,HTGHLLEHIRT,TSGNLVRHTKI,ex+
346,'',ctcgatCGCgcggcc,3,RSDELTRHIRI,NCFHLTEHIRT,TSGNLVRHTKI,ex+
347,'',ctcgatCGCgcggcc,3,RSDELTRHIRI,NVRTLDTHIRT,TSGNLVRHTKI,ex+
348,'',ctcgatCTCgcggcc,3,RSDELTRHIRI,QRHHLVEHIRT,TSGNLVRHTKI,ex+
349,'',ctcgatCAGgcggcc,3,RSDELTRHIRI,QRHHLVEHIRT,TSGNLVRHTKI,ex+
350,'',ctcgatCAGgcggcc,3,RSDELTRHIRI,RLNNLLVHIRT,TSGNLVRHTKI,ex+
351,'',ctcgatCAGgcggcc,3,RSDELTRHIRI,DRKVLATHIRT,TSGNLVRHTKI,ex+
352,'',ctcgatCAGgcggcc,3,RSDELTRHIRI,HVIDLDHHIRT,TSGNLVRHTKI,ex+
353,'',ctcgatCAGgcggcc,3,RSDELTRHIRI,RADNLAIHIRT,TSGNLVRHTKI,ex+
354,'',ctcgatCAGgcggcc,3,RSDELTRHIRI,NTTHLEHHIRT,TSGNLVRHTKI,ex+
355,'',ctcgatCAGgcggcc,3,RSDELTRHIRI,NVNPLPPHIRT,TSGNLVRHTKI,ex+
356,'',ctcgatCCGgcggcc,3,RSDELTRHIRI,QRHHLVEHIRT,TSGNLVRHTKI,ex+
357,'',ctcgatCCGgcggcc,3,RSDELTRHIRI,SPGHLIEHIRT,TSGNLVRHTKI,ex+
358,'',ctcgatCCGgcggcc,3,RSDELTRHIRI,NHTRLASHIRT,TSGNLVRHTKI,ex+
359,'',ctcgatCCGgcggcc,3,RSDELTRHIRI,RNDTLQAHIRT,TSGNLVRHTKI,ex+
360,'',ctcgatCCGgcggcc,3,RSDELTRHIRI,RSDHLTDHIRT,TSGNLVRHTKI,ex+
361,'',ctcgatCGGgcggcc,3,RSDELTRHIRI,RSDHLTTHIRT,TSGNLVRHTKI,ex+
362,'',ctcgatCGGgcggcc,3,RSDELTRHIRI,IPADLKQHIRT,TSGNLVRHTKI,ex+
363,'',ctcgatCGGgcggcc,3,RSDELTRHIRI,RRRGWRKHIRT,TSGNLVRHTKI,ex+
364,'',ctcgatCGGgcggcc,3,RSDELTRHIRI,ETRTLTAHIRT,TSGNLVRHTKI,ex+
365,'',ctcgatCGGgcggcc,3,RSDELTRHIRI,RSDHLTEHIRT,TSGNLVRHTKI,ex+
366,'',ctcgatCTGgcggcc,3,RSDELTRHIRI,HIIDLDHHIRT,TSGNLVRHTKI,ex+
367,'',ctcgatCTGgcggcc,3,RSDELTRHIRI,RNDALTEHIRT,TSGNLVRHTKI,ex+
368,'',ctcgatCTGgcggcc,3,RSDELTRHIRI,RNDALTEHIRT,TSGNLVRHTKI,ex+
369,'',ctcgatCTGgcggcc,3,RSDELTRHIRI,TRKELRSHIRT,TSGNLVRHTKI,ex+
370,'',ctcgatCATgcggcc,3,RSDELTRHIRI,QRHHLVEHIRT,TSGNLVRHTKI,ex+
371,'',ctcgatCATgcggcc,3,RSDELTRHIRI,SPGHLIEHIRT,TSGNLVRHTKI,ex+
372,'',ctcgatCATgcggcc,3,RSDELTRHIRI,NHGHLTEHIRT,TSGNLVRHTKI,ex+
373,'',ctcgatCATgcggcc,3,RSDELTRHIRI,GRLILLGHIRT,TSGNLVRHTKI,ex+
374,'',ctcgatCATgcggcc,3,RSDELTRHIRI,AMGHLVEHIRT,TSGNLVRHTKI,ex+
375,'',ctcgatCATgcggcc,3,RSDELTRHIRI,QWHHLTDHIRT,TSGNLVRHTKI,ex+
376,'',ctcgatCATgcggcc,3,RSDELTRHIRI,SCVHLAEHIRT,TSGNLVRHTKI,ex+
377,'',ctcgatCATgcggcc,3,RSDELTRHIRI,TCGHLVEHIRT,TSGNLVRHTKI,ex+
378,'',ctcgatCATgcggcc,3,RSDELTRHIRI,SCYKLREHIRT,TSGNLVRHTKI,ex+
379,'',ctcgatCATgcggcc,3,RSDELTRHIRI,SCGGLTAHIRT,TSGNLVRHTKI,ex+
380,'',ctcgatCCTgcggcc,3,RSDELTRHIRI,QRHHLVEHIRT,TSGNLVRHTKI,ex+
381,'',ctcgatCCTgcggcc,3,RSDELTRHIRI,SPGHLVEHIRT,TSGNLVRHTKI,ex+
382,'',ctcgatCCTgcggcc,3,RSDELTRHIRI,QCGHLVAHIRT,TSGNLVRHTKI,ex+
383,'',ctcgatCCTgcggcc,3,RSDELTRHIRI,GCSKLREHIRT,TSGNLVRHTKI,ex+
384,'',ctcgatCCTgcggcc,3,RSDELTRHIRI,SCGHLQEHIRT,TSGNLVRHTKI,ex+
385,'',ctcgatCCTgcggcc,3,RSDELTRHIRI,CCAHLSEHIRT,TSGNLVRHTKI,ex+
386,'',ctcgatCGTgcggcc,3,RSDELTRHIRI,DHQDLTIHIRT,TSGNLVRHTKI,ex+
387,'',ctcgatCGTgcggcc,3,RSDELTRHIRI,DLRSCRSHIRT,TSGNLVRHTKI,ex+
388,'',ctcgatCGTgcggcc,3,RSDELTRHIRI,QRRHLLSHIRT,TSGNLVRHTKI,ex+
389,'',ctcgatCGTgcggcc,3,RSDELTRHIRI,LRRQLAHHIRT,TSGNLVRHTKI,ex+
390,'',ctcgatCGTgcggcc,3,RSDELTRHIRI,RMRNLQKHIRT,TSGNLVRHTKI,ex+
391,'',ctcgatCGTgcggcc,3,RSDELTRHIRI,SRRTCRAHIRT,TSGNLVRHTKI,ex+
392,'',ctcgatCGTgcggcc,3,RSDELTRHIRI,QLRHLREHIRT,TSGNLVRHTKI,ex+
393,'',ctcgatCTTgcggcc,3,RSDELTRHIRI,QRHHLVEHIRT,TSGNLVRHTKI,ex+
394,'',ctcgatCTTgcggcc,3,RSDELTRHIRI,SPGHLIEHIRT,TSGNLVRHTKI,ex+
395,'',ctcgatCTTgcggcc,3,RSDELTRHIRI,NLQHLGEHIRT,TSGNLVRHTKI,ex+
396,'',ctcgatCAAgcggcc,3,RSDELTRHIRI,QSGNLTEHIRT,TSGNLVRHTKI,ex+
397,'',ctcgatCACgcggcc,3,RSDELTRHIRI,SKKALTEHIRT,TSGNLVRHTKI,ex+
398,'',ctcgatCAGgcggcc,3,RSDELTRHIRI,RADNLTEHIRT,TSGNLVRHTKI,ex+
399,'',ctcgatCATgcggcc,3,RSDELTRHIRI,TSGNLTEHIRT,TSGNLVRHTKI,ex+
400,'',ctcgatCCAgcggcc,3,RSDELTRHIRI,TSHSLTEHIRT,TSGNLVRHTKI,ex+
401,'',ctcgatCCGgcggcc,3,RSDELTRHIRI,RNDTLTEHIRT,TSGNLVRHTKI,ex+
402,'',ctcgatCCTgcggcc,3,RSDELTRHIRI,TKNSLTEHIRT,TSGNLVRHTKI,ex+
403,'',ctcgatCGAgcggcc,3,RSDELTRHIRI,QSGHLTEHIRT,TSGNLVRHTKI,ex+
404,'',ctcgatCGGgcggcc,3,RSDELTRHIRI,RSDKLTEHIRT,TSGNLVRHTKI,ex+
405,'',ctcgatCTAgcggcc,3,RSDELTRHIRI,QNSTLTEHIRT,TSGNLVRHTKI,ex+
406,'',ctcgatCTTgcggcc,3,RSDELTRHIRI,TTGALTEHIRT,TSGNLVRHTKI,ex+
407,'',ctcgatCAAgcggcc,3,RSDELTRHIRI,RADNLAIHIRT,TSGNLVRHTKI,ex-
408,'',ctcgatCACgcggcc,3,RSDELTRHIRI,RADNLAIHIRT,TSGNLVRHTKI,ex-
409,'',ctcgatCATgcggcc,3,RSDELTRHIRI,RADNLAIHIRT,TSGNLVRHTKI,ex-
410,'',ctcgatCCAgcggcc,3,RSDELTRHIRI,RADNLAIHIRT,TSGNLVRHTKI,ex-
411,'',ctcgatCCCgcggcc,3,RSDELTRHIRI,RADNLAIHIRT,TSGNLVRHTKI,ex-
412,'',ctcgatCCGgcggcc,3,RSDELTRHIRI,RADNLAIHIRT,TSGNLVRHTKI,ex-
413,'',ctcgatCCTgcggcc,3,RSDELTRHIRI,RADNLAIHIRT,TSGNLVRHTKI,ex-
414,'',ctcgatCGAgcggcc,3,RSDELTRHIRI,RADNLAIHIRT,TSGNLVRHTKI,ex-
415,'',ctcgatCGCgcggcc,3,RSDELTRHIRI,RADNLAIHIRT,TSGNLVRHTKI,ex-
416,'',ctcgatCGTgcggcc,3,RSDELTRHIRI,RADNLAIHIRT,TSGNLVRHTKI,ex-
417,'',ctcgatCTAgcggcc,3,RSDELTRHIRI,RADNLAIHIRT,TSGNLVRHTKI,ex-
418,'',ctcgatCTCgcggcc,3,RSDELTRHIRI,RADNLAIHIRT,TSGNLVRHTKI,ex-
419,'',ctcgatCTGgcggcc,3,RSDELTRHIRI,RADNLAIHIRT,TSGNLVRHTKI,ex-
420,'',ctcgatCTTgcggcc,3,RSDELTRHIRI,RADNLAIHIRT,TSGNLVRHTKI,ex-
421,'',ctcgatCCAgcggcc,3,RSDELTRHIRI,SKKHLAEHIRT,TSGNLVRHTKI,ex-
422,'',ctcgatCGAgcggcc,3,RSDELTRHIRI,SKKHLAEHIRT,TSGNLVRHTKI,ex-
423,'',ctcgatCTAgcggcc,3,RSDELTRHIRI,SKKHLAEHIRT,TSGNLVRHTKI,ex-
424,'',ctcgatCGAgcggcc,3,RSDELTRHIRI,SVRNLREHIRT,TSGNLVRHTKI,ex-
425,'',ctcgatCAAgcggcc,3,RSDELTRHIRI,RNDTLQAHIRT,TSGNLVRHTKI,ex-
426,'',ctcgatCACgcggcc,3,RSDELTRHIRI,RNDTLQAHIRT,TSGNLVRHTKI,ex-
427,'',ctcgatCATgcggcc,3,RSDELTRHIRI,RNDTLQAHIRT,TSGNLVRHTKI,ex-
428,'',ctcgatCCAgcggcc,3,RSDELTRHIRI,RNDTLQAHIRT,TSGNLVRHTKI,ex-
429,'',ctcgatCCCgcggcc,3,RSDELTRHIRI,RNDTLQAHIRT,TSGNLVRHTKI,ex-
430,'',ctcgatCCTgcggcc,3,RSDELTRHIRI,RNDTLQAHIRT,TSGNLVRHTKI,ex-
431,'',ctcgatCGAgcggcc,3,RSDELTRHIRI,RNDTLQAHIRT,TSGNLVRHTKI,ex-
432,'',ctcgatCGCgcggcc,3,RSDELTRHIRI,RNDTLQAHIRT,TSGNLVRHTKI,ex-
433,'',ctcgatCGTgcggcc,3,RSDELTRHIRI,RNDTLQAHIRT,TSGNLVRHTKI,ex-
434,'',ctcgatCTAgcggcc,3,RSDELTRHIRI,RNDTLQAHIRT,TSGNLVRHTKI,ex-
435,'',ctcgatCTCgcggcc,3,RSDELTRHIRI,RNDTLQAHIRT,TSGNLVRHTKI,ex-
436,'',ctcgatCTTgcggcc,3,RSDELTRHIRI,RNDTLQAHIRT,TSGNLVRHTKI,ex-
437,'',ctcgatCAAgcggcc,3,RSDELTRHIRI,RSDHLTEHIRT,TSGNLVRHTKI,ex-
438,'',ctcgatCACgcggcc,3,RSDELTRHIRI,RSDHLTEHIRT,TSGNLVRHTKI,ex-
439,'',ctcgatCATgcggcc,3,RSDELTRHIRI,RSDHLTEHIRT,TSGNLVRHTKI,ex-
440,'',ctcgatCCAgcggcc,3,RSDELTRHIRI,RSDHLTEHIRT,TSGNLVRHTKI,ex-
441,'',ctcgatCCCgcggcc,3,RSDELTRHIRI,RSDHLTEHIRT,TSGNLVRHTKI,ex-
442,'',ctcgatCCGgcggcc,3,RSDELTRHIRI,RSDHLTEHIRT,TSGNLVRHTKI,ex-
443,'',ctcgatCCTgcggcc,3,RSDELTRHIRI,RSDHLTEHIRT,TSGNLVRHTKI,ex-
444,'',ctcgatCGAgcggcc,3,RSDELTRHIRI,RSDHLTEHIRT,TSGNLVRHTKI,ex-
445,'',ctcgatCGCgcggcc,3,RSDELTRHIRI,RSDHLTEHIRT,TSGNLVRHTKI,ex-
446,'',ctcgatCGTgcggcc,3,RSDELTRHIRI,RSDHLTEHIRT,TSGNLVRHTKI,ex-
447,'',ctcgatCTAgcggcc,3,RSDELTRHIRI,RSDHLTEHIRT,TSGNLVRHTKI,ex-
448,'',ctcgatCTCgcggcc,3,RSDELTRHIRI,RSDHLTEHIRT,TSGNLVRHTKI,ex-
449,'',ctcgatCTTgcggcc,3,RSDELTRHIRI,RSDHLTEHIRT,TSGNLVRHTKI,ex-
450,'',ctcgatCCAgcggcc,3,RSDELTRHIRI,SRRTCRAHIRT,TSGNLVRHTKI,ex-
451,'',ctcgatCGAgcggcc,3,RSDELTRHIRI,SRRTCRAHIRT,TSGNLVRHTKI,ex-
452,'',ctcgatCGGgcggcc,3,RSDELTRHIRI,SRRTCRAHIRT,TSGNLVRHTKI,ex-
453,'',ctcgatCTAgcggcc,3,RSDELTRHIRI,SRRTCRAHIRT,TSGNLVRHTKI,ex-
454,'',ctcgatCTGgcggcc,3,RSDELTRHIRI,SRRTCRAHIRT,TSGNLVRHTKI,ex-
455,'',ctcgatCCGgcggcc,3,RSDELTRHIRI,QRHSLTEHIRT,TSGNLVRHTKI,ex-
456,'',ctcgatCGGgcggcc,3,RSDELTRHIRI,QRHSLTEHIRT,TSGNLVRHTKI,ex-
457,'',ctcgatCTGgcggcc,3,RSDELTRHIRI,QRHSLTEHIRT,TSGNLVRHTKI,ex-
458,'',ctcgatCAAgcggcc,3,RSDELTRHIRI,RNDALTEHIRT,TSGNLVRHTKI,ex-
459,'',ctcgatCACgcggcc,3,RSDELTRHIRI,RNDALTEHIRT,TSGNLVRHTKI,ex-
460,'',ctcgatCATgcggcc,3,RSDELTRHIRI,RNDALTEHIRT,TSGNLVRHTKI,ex-
461,'',ctcgatCCAgcggcc,3,RSDELTRHIRI,RNDALTEHIRT,TSGNLVRHTKI,ex-
462,'',ctcgatCCCgcggcc,3,RSDELTRHIRI,RNDALTEHIRT,TSGNLVRHTKI,ex-
463,'',ctcgatCCTgcggcc,3,RSDELTRHIRI,RNDALTEHIRT,TSGNLVRHTKI,ex-
464,'',ctcgatCGAgcggcc,3,RSDELTRHIRI,RNDALTEHIRT,TSGNLVRHTKI,ex-
465,'',ctcgatCGCgcggcc,3,RSDELTRHIRI,RNDALTEHIRT,TSGNLVRHTKI,ex-
466,'',ctcgatCGTgcggcc,3,RSDELTRHIRI,RNDALTEHIRT,TSGNLVRHTKI,ex-
467,'',ctcgatCTAgcggcc,3,RSDELTRHIRI,RNDALTEHIRT,TSGNLVRHTKI,ex-
468,'',ctcgatCTCgcggcc,3,RSDELTRHIRI,RNDALTEHIRT,TSGNLVRHTKI,ex-
469,'',ctcgatCTTgcggcc,3,RSDELTRHIRI,RNDALTEHIRT,TSGNLVRHTKI,ex-
470,'',ctcgatCTAgcggcc,3,RSDELTRHIRI,SKKALTEHIRT,TSGNLVRHTKI,ex-
471,'',ctcgatCTGgcggcc,3,RSDELTRHIRI,SKKALTEHIRT,TSGNLVRHTKI,ex-
472,'',ctcgatCAAgcggcc,3,RSDELTRHIRI,RADNLTEHIRT,TSGNLVRHTKI,ex-
473,'',ctcgatCACgcggcc,3,RSDELTRHIRI,RADNLTEHIRT,TSGNLVRHTKI,ex-
474,'',ctcgatCATgcggcc,3,RSDELTRHIRI,RADNLTEHIRT,TSGNLVRHTKI,ex-
475,'',ctcgatCCAgcggcc,3,RSDELTRHIRI,RADNLTEHIRT,TSGNLVRHTKI,ex-
476,'',ctcgatCCCgcggcc,3,RSDELTRHIRI,RADNLTEHIRT,TSGNLVRHTKI,ex-
477,'',ctcgatCCTgcggcc,3,RSDELTRHIRI,RADNLTEHIRT,TSGNLVRHTKI,ex-
478,'',ctcgatCGAgcggcc,3,RSDELTRHIRI,RADNLTEHIRT,TSGNLVRHTKI,ex-
479,'',ctcgatCGCgcggcc,3,RSDELTRHIRI,RADNLTEHIRT,TSGNLVRHTKI,ex-
480,'',ctcgatCGTgcggcc,3,RSDELTRHIRI,RADNLTEHIRT,TSGNLVRHTKI,ex-
481,'',ctcgatCTAgcggcc,3,RSDELTRHIRI,RADNLTEHIRT,TSGNLVRHTKI,ex-
482,'',ctcgatCTCgcggcc,3,RSDELTRHIRI,RADNLTEHIRT,TSGNLVRHTKI,ex-
483,'',ctcgatCTGgcggcc,3,RSDELTRHIRI,RADNLTEHIRT,TSGNLVRHTKI,ex-
484,'',ctcgatCTTgcggcc,3,RSDELTRHIRI,RADNLTEHIRT,TSGNLVRHTKI,ex-
485,'',ctcgatCAAgcggcc,3,RSDELTRHIRI,TSGNLTEHIRT,TSGNLVRHTKI,ex-
486,'',ctcgatCACgcggcc,3,RSDELTRHIRI,TSGNLTEHIRT,TSGNLVRHTKI,ex-
487,'',ctcgatCAGgcggcc,3,RSDELTRHIRI,TSGNLTEHIRT,TSGNLVRHTKI,ex-
488,'',ctcgatCCCgcggcc,3,RSDELTRHIRI,TSGNLTEHIRT,TSGNLVRHTKI,ex-
489,'',ctcgatCCGgcggcc,3,RSDELTRHIRI,TSGNLTEHIRT,TSGNLVRHTKI,ex-
490,'',ctcgatCGAgcggcc,3,RSDELTRHIRI,TSGNLTEHIRT,TSGNLVRHTKI,ex-
491,'',ctcgatCGCgcggcc,3,RSDELTRHIRI,TSGNLTEHIRT,TSGNLVRHTKI,ex-
492,'',ctcgatCGGgcggcc,3,RSDELTRHIRI,TSGNLTEHIRT,TSGNLVRHTKI,ex-
493,'',ctcgatCTAgcggcc,3,RSDELTRHIRI,TSGNLTEHIRT,TSGNLVRHTKI,ex-
494,'',ctcgatCTCgcggcc,3,RSDELTRHIRI,TSGNLTEHIRT,TSGNLVRHTKI,ex-
495,'',ctcgatCTGgcggcc,3,RSDELTRHIRI,TSGNLTEHIRT,TSGNLVRHTKI,ex-
496,'',ctcgatCTTgcggcc,3,RSDELTRHIRI,TSGNLTEHIRT,TSGNLVRHTKI,ex-
497,'',ctcgatCACgcggcc,3,RSDELTRHIRI,TSHSLTEHIRT,TSGNLVRHTKI,ex-
498,'',ctcgatCAGgcggcc,3,RSDELTRHIRI,TSHSLTEHIRT,TSGNLVRHTKI,ex-
499,'',ctcgatCGCgcggcc,3,RSDELTRHIRI,TSHSLTEHIRT,TSGNLVRHTKI,ex-
500,'',ctcgatCGGgcggcc,3,RSDELTRHIRI,TSHSLTEHIRT,TSGNLVRHTKI,ex-
501,'',ctcgatCAAgcggcc,3,RSDELTRHIRI,RNDTLTEHIRT,TSGNLVRHTKI,ex-
502,'',ctcgatCACgcggcc,3,RSDELTRHIRI,RNDTLTEHIRT,TSGNLVRHTKI,ex-
503,'',ctcgatCATgcggcc,3,RSDELTRHIRI,RNDTLTEHIRT,TSGNLVRHTKI,ex-
504,'',ctcgatCCAgcggcc,3,RSDELTRHIRI,RNDTLTEHIRT,TSGNLVRHTKI,ex-
505,'',ctcgatCCCgcggcc,3,RSDELTRHIRI,RNDTLTEHIRT,TSGNLVRHTKI,ex-
506,'',ctcgatCCTgcggcc,3,RSDELTRHIRI,RNDTLTEHIRT,TSGNLVRHTKI,ex-
507,'',ctcgatCGAgcggcc,3,RSDELTRHIRI,RNDTLTEHIRT,TSGNLVRHTKI,ex-
508,'',ctcgatCGCgcggcc,3,RSDELTRHIRI,RNDTLTEHIRT,TSGNLVRHTKI,ex-
509,'',ctcgatCGTgcggcc,3,RSDELTRHIRI,RNDTLTEHIRT,TSGNLVRHTKI,ex-
510,'',ctcgatCTAgcggcc,3,RSDELTRHIRI,RNDTLTEHIRT,TSGNLVRHTKI,ex-
511,'',ctcgatCTCgcggcc,3,RSDELTRHIRI,RNDTLTEHIRT,TSGNLVRHTKI,ex-
512,'',ctcgatCTTgcggcc,3,RSDELTRHIRI,RNDTLTEHIRT,TSGNLVRHTKI,ex-
513,'',ctcgatCAAgcggcc,3,RSDELTRHIRI,TKNSLTEHIRT,TSGNLVRHTKI,ex-
514,'',ctcgatCACgcggcc,3,RSDELTRHIRI,TKNSLTEHIRT,TSGNLVRHTKI,ex-
515,'',ctcgatCAGgcggcc,3,RSDELTRHIRI,TKNSLTEHIRT,TSGNLVRHTKI,ex-
516,'',ctcgatCTCgcggcc,3,RSDELTRHIRI,TKNSLTEHIRT,TSGNLVRHTKI,ex-
517,'',ctcgatCTAgcggcc,3,RSDELTRHIRI,QSGHLTEHIRT,TSGNLVRHTKI,ex-
518,'',ctcgatCAAgcggcc,3,RSDELTRHIRI,RSDKLTEHIRT,TSGNLVRHTKI,ex-
519,'',ctcgatCACgcggcc,3,RSDELTRHIRI,RSDKLTEHIRT,TSGNLVRHTKI,ex-
520,'',ctcgatCAGgcggcc,3,RSDELTRHIRI,RSDKLTEHIRT,TSGNLVRHTKI,ex-
521,'',ctcgatCATgcggcc,3,RSDELTRHIRI,RSDKLTEHIRT,TSGNLVRHTKI,ex-
522,'',ctcgatCCAgcggcc,3,RSDELTRHIRI,RSDKLTEHIRT,TSGNLVRHTKI,ex-
523,'',ctcgatCCCgcggcc,3,RSDELTRHIRI,RSDKLTEHIRT,TSGNLVRHTKI,ex-
524,'',ctcgatCCGgcggcc,3,RSDELTRHIRI,RSDKLTEHIRT,TSGNLVRHTKI,ex-
525,'',ctcgatCCTgcggcc,3,RSDELTRHIRI,RSDKLTEHIRT,TSGNLVRHTKI,ex-
526,'',ctcgatCGAgcggcc,3,RSDELTRHIRI,RSDKLTEHIRT,TSGNLVRHTKI,ex-
527,'',ctcgatCGCgcggcc,3,RSDELTRHIRI,RSDKLTEHIRT,TSGNLVRHTKI,ex-
528,'',ctcgatCGTgcggcc,3,RSDELTRHIRI,RSDKLTEHIRT,TSGNLVRHTKI,ex-
529,'',ctcgatCTAgcggcc,3,RSDELTRHIRI,RSDKLTEHIRT,TSGNLVRHTKI,ex-
530,'',ctcgatCTCgcggcc,3,RSDELTRHIRI,RSDKLTEHIRT,TSGNLVRHTKI,ex-
531,'',ctcgatCTGgcggcc,3,RSDELTRHIRI,RSDKLTEHIRT,TSGNLVRHTKI,ex-
532,'',ctcgatCTTgcggcc,3,RSDELTRHIRI,RSDKLTEHIRT,TSGNLVRHTKI,ex-
533,'',ctcgatCAAgcggcc,3,RSDELTRHIRI,QNSTLTEHIRT,TSGNLVRHTKI,ex-
534,'',ctcgatCAGgcggcc,3,RSDELTRHIRI,QNSTLTEHIRT,TSGNLVRHTKI,ex-
535,'',ctcgatCCGgcggcc,3,RSDELTRHIRI,QNSTLTEHIRT,TSGNLVRHTKI,ex-
536,'',ctcgatCGGgcggcc,3,RSDELTRHIRI,QNSTLTEHIRT,TSGNLVRHTKI,ex-
537,'',ctcgatCAGgcggcc,3,RSDELTRHIRI,TTGALTEHIRT,TSGNLVRHTKI,ex-
538,'',ctcgatCTAgcggcc,3,RSDELTRHIRI,TTGALTEHIRT,TSGNLVRHTKI,ex-
539,'',ctcgatCTGgcggcc,3,RSDELTRHIRI,TTGALTEHIRT,TSGNLVRHTKI,ex-
540,'',cccgcgGGGgcgtcc,3,KSADLKRHIRI,RSDHLIRHIRT,RSDERKRHTKI,ex+
541,'',cccgcgGGGgcgtcc,3,KSADLKRHIRI,RSDHLTRHIRT,RSDERKRHTKI,ex+
542,'',cccgcgGGGgcgtcc,3,KSADLKRHIRI,RSDHLLRHIRT,RSDERKRHTKI,ex+
543,'',cccgcgGGGgcgtcc,3,KSADLKRHIRI,RTDHLTRHIRT,RSDERKRHTKI,ex+
544,'',cccgcgGGGgcgtcc,3,KSADLKRHIRI,RSDHLTTHIRT,RSDERKRHTKI,ex+
545,'',cccgcgGGAgcgtcc,3,KSADLKRHIRI,QRAHLERHIRT,RSDERKRHTKI,ex+
546,'',cccgcgGGAgcgtcc,3,KSADLKRHIRI,QAGHLRRHIRT,RSDERKRHTKI,ex+
547,'',cccgcgGGTgcgtcc,3,KSADLKRHIRI,TADKLSRHIRT,RSDERKRHTKI,ex+
548,'',cccgcgGGTgcgtcc,3,KSADLKRHIRI,TKSSLRRHIRT,RSDERKRHTKI,ex+
549,'',cccgcgGGTgcgtcc,3,KSADLKRHIRI,TQGGLARHIRT,RSDERKRHTKI,ex+
550,'',cccgcgGGTgcgtcc,3,KSADLKRHIRI,TSGSLARHIRT,RSDERKRHTKI,ex+
551,'',cccgcgGGTgcgtcc,3,KSADLKRHIRI,TTGGLTRHIRT,RSDERKRHTKI,ex+
552,'',cccgcgGGTgcgtcc,3,KSADLKRHIRI,TTGGLARHIRT,RSDERKRHTKI,ex+
553,'',cccgcgGGTgcgtcc,3,KSADLKRHIRI,TSGGLARHIRT,RSDERKRHTKI,ex+
554,'',cccgcgGGTgcgtcc,3,KSADLKRHIRI,TSGGLTRHIRT,RSDERKRHTKI,ex+
555,'',cccgcgGGCgcgtcc,3,KSADLKRHIRI,ERSKLARHIRT,RSDERKRHTKI,ex+
556,'',cccgcgGAGgcgtcc,3,KSADLKRHIRI,RSDNLRRHIRT,RSDERKRHTKI,ex+
557,'',cccgcgGAGgcgtcc,3,KSADLKRHIRI,RRDNLQRHIRT,RSDERKRHTKI,ex+
558,'',cccgcgGAAgcgtcc,3,KSADLKRHIRI,QRSNLVRHIRT,RSDERKRHTKI,ex+
559,'',cccgcgGATgcgtcc,3,KSADLKRHIRI,TSGNLVRHIRT,RSDERKRHTKI,ex+
560,'',cccgcgGATgcgtcc,3,KSADLKRHIRI,TEGNLVRHIRT,RSDERKRHTKI,ex+
561,'',cccgcgGATgcgtcc,3,KSADLKRHIRI,TSGNLKRHIRT,RSDERKRHTKI,ex+
562,'',cccgcgGATgcgtcc,3,KSADLKRHIRI,TKGNLARHIRT,RSDERKRHTKI,ex+
563,'',cccgcgGACgcgtcc,3,KSADLKRHIRI,DPGNLKRHIRT,RSDERKRHTKI,ex+
564,'',cccgcgGACgcgtcc,3,KSADLKRHIRI,AKRMLGQHIRT,RSDERKRHTKI,ex+
565,'',cccgcgGTGgcgtcc,3,KSADLKRHIRI,RHDSLLRHIRT,RSDERKRHTKI,ex+
566,'',cccgcgGTGgcgtcc,3,KSADLKRHIRI,RKDSLVRHIRT,RSDERKRHTKI,ex+
567,'',cccgcgGTGgcgtcc,3,KSADLKRHIRI,RMDSLARHIRT,RSDERKRHTKI,ex+
568,'',cccgcgGTGgcgtcc,3,KSADLKRHIRI,RLDSLKRHIRT,RSDERKRHTKI,ex+
569,'',cccgcgGTGgcgtcc,3,KSADLKRHIRI,RGDALRRHIRT,RSDERKRHTKI,ex+
570,'',cccgcgGTGgcgtcc,3,KSADLKRHIRI,RKDALTRHIRT,RSDERKRHTKI,ex+
571,'',cccgcgGTGgcgtcc,3,KSADLKRHIRI,RSDSLLRHIRT,RSDERKRHTKI,ex+
572,'',cccgcgGTAgcgtcc,3,KSADLKRHIRI,QSSSLVRHIRT,RSDERKRHTKI,ex+
573,'',cccgcgGTAgcgtcc,3,KSADLKRHIRI,ERSSLVRHIRT,RSDERKRHTKI,ex+
574,'',cccgcgGTAgcgtcc,3,KSADLKRHIRI,QLSGLKRHIRT,RSDERKRHTKI,ex+
575,'',cccgcgGTAgcgtcc,3,KSADLKRHIRI,QMGSLTRHIRT,RSDERKRHTKI,ex+
576,'',cccgcgGTAgcgtcc,3,KSADLKRHIRI,QRGSLLRHIRT,RSDERKRHTKI,ex+
577,'',cccgcgGTTgcgtcc,3,KSADLKRHIRI,TSGSLTRHIRT,RSDERKRHTKI,ex+
578,'',cccgcgGTTgcgtcc,3,KSADLKRHIRI,TSGALTTHIRT,RSDERKRHTKI,ex+
579,'',cccgcgGTTgcgtcc,3,KSADLKRHIRI,ERWMLLRHIRT,RSDERKRHTKI,ex+
580,'',cccgcgGTCgcgtcc,3,KSADLKRHIRI,DPGALVRHIRT,RSDERKRHTKI,ex+
581,'',cccgcgGTCgcgtcc,3,KSADLKRHIRI,EKGTLNRHIRT,RSDERKRHTKI,ex+
582,'',cccgcgGCGgcgtcc,3,KSADLKRHIRI,RLDTLGRHIRT,RSDERKRHTKI,ex+
583,'',cccgcgGCGgcgtcc,3,KSADLKRHIRI,RADTLRRHIRT,RSDERKRHTKI,ex+
584,'',cccgcgGCGgcgtcc,3,KSADLKRHIRI,RRDTLVRHIRT,RSDERKRHTKI,ex+
585,'',cccgcgGCGgcgtcc,3,KSADLKRHIRI,RKDTLARHIRT,RSDERKRHTKI,ex+
586,'',cccgcgGCGgcgtcc,3,KSADLKRHIRI,RSDTLRRHIRT,RSDERKRHTKI,ex+
587,'',cccgcgGCGgcgtcc,3,KSADLKRHIRI,RSDTLKRHIRT,RSDERKRHTKI,ex+
588,'',cccgcgGCAgcgtcc,3,KSADLKRHIRI,QSGDLRRHIRT,RSDERKRHTKI,ex+
589,'',cccgcgGCAgcgtcc,3,KSADLKRHIRI,QSGDLQRHIRT,RSDERKRHTKI,ex+
590,'',cccgcgGCAgcgtcc,3,KSADLKRHIRI,QSGDLTRHIRT,RSDERKRHTKI,ex+
591,'',cccgcgGCAgcgtcc,3,KSADLKRHIRI,QKGTLIRHIRT,RSDERKRHTKI,ex+
592,'',cccgcgGCAgcgtcc,3,KSADLKRHIRI,QQGTLRRHIRT,RSDERKRHTKI,ex+
593,'',cccgcgGCAgcgtcc,3,KSADLKRHIRI,QAGTLMRHIRT,RSDERKRHTKI,ex+
594,'',cccgcgGCAgcgtcc,3,KSADLKRHIRI,RSDHLTTHIRT,RSDERKRHTKI,ex+
595,'',cccgcgGCTgcgtcc,3,KSADLKRHIRI,RRSDLTRHIRT,RSDERKRHTKI,ex+
596,'',cccgcgGCTgcgtcc,3,KSADLKRHIRI,SSQTLTRHIRT,RSDERKRHTKI,ex+
597,'',cccgcgGCCgcgtcc,3,KSADLKRHIRI,GCRELSRHIRT,RSDERKRHTKI,ex+
598,'',cccgcgGCCgcgtcc,3,KSADLKRHIRI,DCRDLARHIRT,RSDERKRHTKI,ex+
599,'',cccgcgGCCgcgtcc,3,KSADLKRHIRI,GCKDLARHIRT,RSDERKRHTKI,ex+
600,'',cccgcgGCCgcgtcc,3,KSADLKRHIRI,GCRELSRHIRT,RSDERKRHTKI,ex+
601,'',cccgcgGAGgcgtcc,3,KSADLKRHIRI,RKDSLVRHIRT,RSDERKRHTKI,ex+
602,'',cccgcgGGGgcgtcc,3,KSADLKRHIRI,RLDTLGRHIRT,RSDERKRHTKI,ex+
603,'',cccgcgGAGgcgtcc,3,KSADLKRHIRI,RLDTLGRHIRT,RSDERKRHTKI,ex+
604,'',cccgcgGTGgcgtcc,3,KSADLKRHIRI,RLDTLGRHIRT,RSDERKRHTKI,ex+
605,'',cccgcgGAGgcgtcc,3,KSADLKRHIRI,RSDDLVRHIRT,RSDERKRHTKI,ex+
606,'',cccgcgGGGgcgtcc,3,KSADLKRHIRI,TADKLSRHIRT,RSDERKRHTKI,ex+
607,'',cccgcgGGTgcgtcc,3,KSADLKRHIRI,TSGSLTRHIRT,RSDERKRHTKI,ex+
608,'',cccgcgGGTgcgtcc,3,KSADLKRHIRI,TSGSLVRHIRT,RSDERKRHTKI,ex+
609,'',cccgcgGACgcgtcc,3,KSADLKRHIRI,QRAHLERHIRT,RSDERKRHTKI,ex-
610,'',cccgcgGTGgcgtcc,3,KSADLKRHIRI,QRAHLERHIRT,RSDERKRHTKI,ex-
611,'',cccgcgGTCgcgtcc,3,KSADLKRHIRI,QRAHLERHIRT,RSDERKRHTKI,ex-
612,'',cccgcgGCGgcgtcc,3,KSADLKRHIRI,QRAHLERHIRT,RSDERKRHTKI,ex-
613,'',cccgcgGCAgcgtcc,3,KSADLKRHIRI,QRAHLERHIRT,RSDERKRHTKI,ex-
614,'',cccgcgGCTgcgtcc,3,KSADLKRHIRI,QRAHLERHIRT,RSDERKRHTKI,ex-
615,'',cccgcgGCCgcgtcc,3,KSADLKRHIRI,QRAHLERHIRT,RSDERKRHTKI,ex-
616,'',cccgcgGACgcgtcc,3,KSADLKRHIRI,QSSSLVRHIRT,RSDERKRHTKI,ex-
617,'',cccgcgGCGgcgtcc,3,KSADLKRHIRI,QSSSLVRHIRT,RSDERKRHTKI,ex-
618,'',cccgcgGTAgcgtcc,3,KSADLKRHIRI,TSGNLVRHIRT,RSDERKRHTKI,ex-
619,'',cccgcgGTTgcgtcc,3,KSADLKRHIRI,TSGNLVRHIRT,RSDERKRHTKI,ex-
620,'',cccgcgGTCgcgtcc,3,KSADLKRHIRI,TSGNLVRHIRT,RSDERKRHTKI,ex-
621,'',cccgcgGCGgcgtcc,3,KSADLKRHIRI,TSGNLVRHIRT,RSDERKRHTKI,ex-
622,'',cccgcgGCAgcgtcc,3,KSADLKRHIRI,TSGNLVRHIRT,RSDERKRHTKI,ex-
623,'',cccgcgGGAgcgtcc,3,KSADLKRHIRI,DPGALVRHIRT,RSDERKRHTKI,ex-
624,'',cccgcgGAAgcgtcc,3,KSADLKRHIRI,DPGALVRHIRT,RSDERKRHTKI,ex-
625,'',cccgcgGCGgcgtcc,3,KSADLKRHIRI,DPGALVRHIRT,RSDERKRHTKI,ex-
626,'',cccgcgGCAgcgtcc,3,KSADLKRHIRI,DPGALVRHIRT,RSDERKRHTKI,ex-
627,'',cccgcgGAAgcgtcc,3,KSADLKRHIRI,DCRDLARHIRT,RSDERKRHTKI,ex-
628,'',cccgcgGTGgcgtcc,3,KSADLKRHIRI,DCRDLARHIRT,RSDERKRHTKI,ex-
629,'',cccgcgGGCgcgtcc,3,KSADLKRHIRI,QSGDLRRHIRT,RSDERKRHTKI,ex-
630,'',cccgcgGTCgcgtcc,3,KSADLKRHIRI,QSGDLRRHIRT,RSDERKRHTKI,ex-
631,'',cccgcgGCGgcgtcc,3,KSADLKRHIRI,QSGDLRRHIRT,RSDERKRHTKI,ex-
632,'',cccgcgGAAgcgtcc,3,KSADLKRHIRI,RSDHLTRHIRT,RSDERKRHTKI,ex-
633,'',cccgcgGATgcgtcc,3,KSADLKRHIRI,RSDHLTRHIRT,RSDERKRHTKI,ex-
634,'',cccgcgGACgcgtcc,3,KSADLKRHIRI,RSDHLTRHIRT,RSDERKRHTKI,ex-
635,'',cccgcgGTAgcgtcc,3,KSADLKRHIRI,RSDHLTRHIRT,RSDERKRHTKI,ex-
636,'',cccgcgGTTgcgtcc,3,KSADLKRHIRI,RSDHLTRHIRT,RSDERKRHTKI,ex-
637,'',cccgcgGCAgcgtcc,3,KSADLKRHIRI,RSDHLTRHIRT,RSDERKRHTKI,ex-
638,'',cccgcgGCTgcgtcc,3,KSADLKRHIRI,RSDHLTRHIRT,RSDERKRHTKI,ex-
639,'',cccgcgGCCgcgtcc,3,KSADLKRHIRI,RSDHLTRHIRT,RSDERKRHTKI,ex-
640,'',cccgcgGGAgcgtcc,3,KSADLKRHIRI,RSDKLVRHIRT,RSDERKRHTKI,ex-
641,'',cccgcgGAAgcgtcc,3,KSADLKRHIRI,RSDKLVRHIRT,RSDERKRHTKI,ex-
642,'',cccgcgGATgcgtcc,3,KSADLKRHIRI,RSDKLVRHIRT,RSDERKRHTKI,ex-
643,'',cccgcgGACgcgtcc,3,KSADLKRHIRI,RSDKLVRHIRT,RSDERKRHTKI,ex-
644,'',cccgcgGTTgcgtcc,3,KSADLKRHIRI,RSDKLVRHIRT,RSDERKRHTKI,ex-
645,'',cccgcgGCAgcgtcc,3,KSADLKRHIRI,RSDKLVRHIRT,RSDERKRHTKI,ex-
646,'',cccgcgGCCgcgtcc,3,KSADLKRHIRI,RSDKLVRHIRT,RSDERKRHTKI,ex-
647,'',cccgcgGAAgcgtcc,3,KSADLKRHIRI,ERSKLARHIRT,RSDERKRHTKI,ex-
648,'',cccgcgGACgcgtcc,3,KSADLKRHIRI,ERSKLARHIRT,RSDERKRHTKI,ex-
649,'',cccgcgGTGgcgtcc,3,KSADLKRHIRI,ERSKLARHIRT,RSDERKRHTKI,ex-
650,'',cccgcgGTAgcgtcc,3,KSADLKRHIRI,ERSKLARHIRT,RSDERKRHTKI,ex-
651,'',cccgcgGCGgcgtcc,3,KSADLKRHIRI,ERSKLARHIRT,RSDERKRHTKI,ex-
652,'',cccgcgGTAgcgtcc,3,KSADLKRHIRI,DPGHLVRHIRT,RSDERKRHTKI,ex-
653,'',cccgcgGTTgcgtcc,3,KSADLKRHIRI,DPGHLVRHIRT,RSDERKRHTKI,ex-
654,'',cccgcgGCGgcgtcc,3,KSADLKRHIRI,DPGHLVRHIRT,RSDERKRHTKI,ex-
655,'',cccgcgGGGgcgtcc,3,KSADLKRHIRI,DPGNLVRHIRT,RSDERKRHTKI,ex-
656,'',cccgcgGGAgcgtcc,3,KSADLKRHIRI,DPGNLVRHIRT,RSDERKRHTKI,ex-
657,'',cccgcgGGTgcgtcc,3,KSADLKRHIRI,DPGNLVRHIRT,RSDERKRHTKI,ex-
658,'',cccgcgGGCgcgtcc,3,KSADLKRHIRI,DPGNLVRHIRT,RSDERKRHTKI,ex-
659,'',cccgcgGTGgcgtcc,3,KSADLKRHIRI,DPGNLVRHIRT,RSDERKRHTKI,ex-
660,'',cccgcgGCGgcgtcc,3,KSADLKRHIRI,DPGNLVRHIRT,RSDERKRHTKI,ex-
661,'',cccgcgGCAgcgtcc,3,KSADLKRHIRI,DPGNLVRHIRT,RSDERKRHTKI,ex-
662,'',cccgcgGGGgcgtcc,3,KSADLKRHIRI,QRSNLVRHIRT,RSDERKRHTKI,ex-
663,'',cccgcgGGCgcgtcc,3,KSADLKRHIRI,QRSNLVRHIRT,RSDERKRHTKI,ex-
664,'',cccgcgGTGgcgtcc,3,KSADLKRHIRI,QRSNLVRHIRT,RSDERKRHTKI,ex-
665,'',cccgcgGTTgcgtcc,3,KSADLKRHIRI,QRSNLVRHIRT,RSDERKRHTKI,ex-
666,'',cccgcgGCGgcgtcc,3,KSADLKRHIRI,QRSNLVRHIRT,RSDERKRHTKI,ex-
667,'',cccgcgGGGgcgtcc,3,KSADLKRHIRI,QSSNLVRHIRT,RSDERKRHTKI,ex-
668,'',cccgcgGGAgcgtcc,3,KSADLKRHIRI,QSSNLVRHIRT,RSDERKRHTKI,ex-
669,'',cccgcgGGTgcgtcc,3,KSADLKRHIRI,QSSNLVRHIRT,RSDERKRHTKI,ex-
670,'',cccgcgGGCgcgtcc,3,KSADLKRHIRI,QSSNLVRHIRT,RSDERKRHTKI,ex-
671,'',cccgcgGTGgcgtcc,3,KSADLKRHIRI,QSSNLVRHIRT,RSDERKRHTKI,ex-
672,'',cccgcgGTTgcgtcc,3,KSADLKRHIRI,QSSNLVRHIRT,RSDERKRHTKI,ex-
673,'',cccgcgGTCgcgtcc,3,KSADLKRHIRI,QSSNLVRHIRT,RSDERKRHTKI,ex-
674,'',cccgcgGCGgcgtcc,3,KSADLKRHIRI,QSSNLVRHIRT,RSDERKRHTKI,ex-
675,'',cccgcgGCTgcgtcc,3,KSADLKRHIRI,RSDNLRRHIRT,RSDERKRHTKI,ex-
676,'',cccgcgGGAgcgtcc,3,KSADLKRHIRI,RSDNLVRHIRT,RSDERKRHTKI,ex-
677,'',cccgcgGGTgcgtcc,3,KSADLKRHIRI,RSDNLVRHIRT,RSDERKRHTKI,ex-
678,'',cccgcgGGCgcgtcc,3,KSADLKRHIRI,RSDNLVRHIRT,RSDERKRHTKI,ex-
679,'',cccgcgGTTgcgtcc,3,KSADLKRHIRI,RSDNLVRHIRT,RSDERKRHTKI,ex-
680,'',cccgcgGCAgcgtcc,3,KSADLKRHIRI,RSDNLVRHIRT,RSDERKRHTKI,ex-
681,'',cccgcgGCTgcgtcc,3,KSADLKRHIRI,RSDNLVRHIRT,RSDERKRHTKI,ex-
682,'',cccgcgGCCgcgtcc,3,KSADLKRHIRI,RSDNLVRHIRT,RSDERKRHTKI,ex-
683,'',cccgcgGGAgcgtcc,3,KSADLKRHIRI,SSQTLTRHIRT,RSDERKRHTKI,ex-
684,'',cccgcgGGGgcgtcc,3,KSADLKRHIRI,TSGELVRHIRT,RSDERKRHTKI,ex-
685,'',cccgcgGGAgcgtcc,3,KSADLKRHIRI,TSGELVRHIRT,RSDERKRHTKI,ex-
686,'',cccgcgGGCgcgtcc,3,KSADLKRHIRI,TSGELVRHIRT,RSDERKRHTKI,ex-
687,'',cccgcgGAGgcgtcc,3,KSADLKRHIRI,TSGELVRHIRT,RSDERKRHTKI,ex-
688,'',cccgcgGAAgcgtcc,3,KSADLKRHIRI,TSGELVRHIRT,RSDERKRHTKI,ex-
689,'',cccgcgGCGgcgtcc,3,KSADLKRHIRI,TSGELVRHIRT,RSDERKRHTKI,ex-
690,'',cccgcgGCAgcgtcc,3,KSADLKRHIRI,RSDELVRHIRT,RSDERKRHTKI,ex-
691,'',cccgcgGCTgcgtcc,3,KSADLKRHIRI,RSDELVRHIRT,RSDERKRHTKI,ex-
692,'',cccgcgGCCgcgtcc,3,KSADLKRHIRI,RSDELVRHIRT,RSDERKRHTKI,ex-
693,'',cccgcgGGAgcgtcc,3,KSADLKRHIRI,RLDTLGRHIRT,RSDERKRHTKI,ex-
694,'',cccgcgGAAgcgtcc,3,KSADLKRHIRI,RLDTLGRHIRT,RSDERKRHTKI,ex-
695,'',cccgcgGATgcgtcc,3,KSADLKRHIRI,RLDTLGRHIRT,RSDERKRHTKI,ex-
696,'',cccgcgGACgcgtcc,3,KSADLKRHIRI,RLDTLGRHIRT,RSDERKRHTKI,ex-
697,'',cccgcgGTTgcgtcc,3,KSADLKRHIRI,RLDTLGRHIRT,RSDERKRHTKI,ex-
698,'',cccgcgGCTgcgtcc,3,KSADLKRHIRI,RLDTLGRHIRT,RSDERKRHTKI,ex-
699,'',cccgcgGGAgcgtcc,3,KSADLKRHIRI,RSDDLVRHIRT,RSDERKRHTKI,ex-
700,'',cccgcgGGTgcgtcc,3,KSADLKRHIRI,RSDDLVRHIRT,RSDERKRHTKI,ex-
701,'',cccgcgGGCgcgtcc,3,KSADLKRHIRI,RSDDLVRHIRT,RSDERKRHTKI,ex-
702,'',cccgcgGAAgcgtcc,3,KSADLKRHIRI,RSDDLVRHIRT,RSDERKRHTKI,ex-
703,'',cccgcgGATgcgtcc,3,KSADLKRHIRI,RSDDLVRHIRT,RSDERKRHTKI,ex-
704,'',cccgcgGACgcgtcc,3,KSADLKRHIRI,RSDDLVRHIRT,RSDERKRHTKI,ex-
705,'',cccgcgGAAgcgtcc,3,KSADLKRHIRI,TADKLSRHIRT,RSDERKRHTKI,ex-
706,'',cccgcgGTGgcgtcc,3,KSADLKRHIRI,TADKLSRHIRT,RSDERKRHTKI,ex-
707,'',cccgcgGTTgcgtcc,3,KSADLKRHIRI,TADKLSRHIRT,RSDERKRHTKI,ex-
708,'',cccgcgGCGgcgtcc,3,KSADLKRHIRI,TADKLSRHIRT,RSDERKRHTKI,ex-
709,'',cccgcgGCAgcgtcc,3,KSADLKRHIRI,TADKLSRHIRT,RSDERKRHTKI,ex-
710,'',cccgcgGCTgcgtcc,3,KSADLKRHIRI,TADKLSRHIRT,RSDERKRHTKI,ex-
711,'',cccgcgGCCgcgtcc,3,KSADLKRHIRI,TADKLSRHIRT,RSDERKRHTKI,ex-
712,'',cccgcgGGGgcgtcc,3,KSADLKRHIRI,RSDHLTTHIRT,RSDERKRHTKI,ex+
713,'',cccgcgGGGgcgtcc,3,KSADLKRHIRI,RSDHLTRHIRT,RSDERKRHTKI,ex+
714,'',cccgcgGGGgcgtcc,3,KSADLKRHIRI,RSDKLTRHIRT,RSDERKRHTKI,ex+
715,'',cccgcgGGGgcgtcc,3,KSADLKRHIRI,RSDKLVRHIRT,RSDERKRHTKI,ex+
716,'',cccgcgGAGgcgtcc,3,KSADLKRHIRI,RSDNLRRHIRT,RSDERKRHTKI,ex+
717,'',cccgcgGAGgcgtcc,3,KSADLKRHIRI,RSDNLVRHIRT,RSDERKRHTKI,ex+
718,'',cccgcgGAGgcgtcc,3,KSADLKRHIRI,RSDALVRHIRT,RSDERKRHTKI,ex+
719,'',cccgcgGAGgcgtcc,3,KSADLKRHIRI,RSDDLVRHIRT,RSDERKRHTKI,ex+
720,'',cccgcgGTGgcgtcc,3,KSADLKRHIRI,RSDELVRHIRT,RSDERKRHTKI,ex+
721,'',cccgcgGAGgcgtcc,3,KSADLKRHIRI,RSDSLVRHIRT,RSDERKRHTKI,ex+
722,'',cccgcgGAGgcgtcc,3,KSADLKRHIRI,RSDTLVRHIRT,RSDERKRHTKI,ex+
723,'',cccgcgGTGgcgtcc,3,KSADLKRHIRI,RSDVLVRHIRT,RSDERKRHTKI,ex+
724,'',cccgcgGAGgcgtcc,3,KSADLKRHIRI,RSASLVRHIRT,RSDERKRHTKI,ex+
725,'',cccgcgGTGgcgtcc,3,KSADLKRHIRI,RSSSLVRHIRT,RSDERKRHTKI,ex+
726,'',cccgcgGAGgcgtcc,3,KSADLKRHIRI,KSDALVRHIRT,RSDERKRHTKI,ex+
727,'',cccgcgGCCgcgtcc,3,KSADLKRHIRI,KSDDLVRHIRT,RSDERKRHTKI,ex+
728,'',cccgcgGAGgcgtcc,3,KSADLKRHIRI,KSDSLVRHIRT,RSDERKRHTKI,ex+
729,'',cccgcgGAGgcgtcc,3,KSADLKRHIRI,KSDTLVRHIRT,RSDERKRHTKI,ex+
730,'',cccgcgGGCgcgtcc,3,KSADLKRHIRI,KSDVLVRHIRT,RSDERKRHTKI,ex+
731,'',cccgcgGCCgcgtcc,3,KSADLKRHIRI,KSADLKRHIRT,RSDERKRHTKI,ex+
732,'',cccgcgGCCgcgtcc,3,KSADLKRHIRI,KSAELKRHIRT,RSDERKRHTKI,ex+
733,'',cccgcgGCCgcgtcc,3,KSADLKRHIRI,KSAELVRHIRT,RSDERKRHTKI,ex+
734,'',cccgcgGGGgcgtcc,3,KSADLKRHIRI,RSDDLVKHIRT,RSDERKRHTKI,ex+
735,'',cccgcgGAGgcgtcc,3,KSADLKRHIRI,RSDELVKHIRT,RSDERKRHTKI,ex+
736,'',cccgcgGAAgcgtcc,3,KSADLKRHIRI,QRSNLVRHIRT,RSDERKRHTKI,ex+
737,'',cccgcgGAAgcgtcc,3,KSADLKRHIRI,QSSNLVRHIRT,RSDERKRHTKI,ex+
738,'',cccgcgGTAgcgtcc,3,KSADLKRHIRI,QSSSLVRHIRT,RSDERKRHTKI,ex+
739,'',cccgcgGGAgcgtcc,3,KSADLKRHIRI,QRAHLERHIRT,RSDERKRHTKI,ex+
740,'',cccgcgGGAgcgtcc,3,KSADLKRHIRI,QSSHLVRHIRT,RSDERKRHTKI,ex+
741,'',cccgcgGCAgcgtcc,3,KSADLKRHIRI,QSGDLRRHIRT,RSDERKRHTKI,ex+
742,'',cccgcgGCTgcgtcc,3,KSADLKRHIRI,QSSDLVRHIRT,RSDERKRHTKI,ex+
743,'',cccgcgGCAgcgtcc,3,KSADLKRHIRI,QSGDLVRHIRT,RSDERKRHTKI,ex+
744,'',cccgcgGTAgcgtcc,3,KSADLKRHIRI,QSGELVRHIRT,RSDERKRHTKI,ex+
745,'',cccgcgGTAgcgtcc,3,KSADLKRHIRI,QSGTLRRHIRT,RSDERKRHTKI,ex+
746,'',cccgcgGGAgcgtcc,3,KSADLKRHIRI,QSGHLVRHIRT,RSDERKRHTKI,ex+
747,'',cccgcgGAAgcgtcc,3,KSADLKRHIRI,QSGNLVRHIRT,RSDERKRHTKI,ex+
748,'',cccgcgGACgcgtcc,3,KSADLKRHIRI,DPGNLKRHIRT,RSDERKRHTKI,ex+
749,'',cccgcgGACgcgtcc,3,KSADLKRHIRI,DPGNLVRHIRT,RSDERKRHTKI,ex+
750,'',cccgcgGTCgcgtcc,3,KSADLKRHIRI,DPGALVRHIRT,RSDERKRHTKI,ex+
751,'',cccgcgGGCgcgtcc,3,KSADLKRHIRI,DPGHLVRHIRT,RSDERKRHTKI,ex+
752,'',cccgcgGGCgcgtcc,3,KSADLKRHIRI,ERSKLARHIRT,RSDERKRHTKI,ex+
753,'',cccgcgGGCgcgtcc,3,KSADLKRHIRI,DRSKLARHIRT,RSDERKRHTKI,ex+
754,'',cccgcgGGCgcgtcc,3,KSADLKRHIRI,DPGKLARHIRT,RSDERKRHTKI,ex+
755,'',cccgcgGGCgcgtcc,3,KSADLKRHIRI,DPGHLARHIRT,RSDERKRHTKI,ex+
756,'',cccgcgGCCgcgtcc,3,KSADLKRHIRI,DPGDLVRHIRT,RSDERKRHTKI,ex+
757,'',cccgcgGCTgcgtcc,3,KSADLKRHIRI,DPGELVRHIRT,RSDERKRHTKI,ex+
758,'',cccgcgGCCgcgtcc,3,KSADLKRHIRI,DCRDLARHIRT,RSDERKRHTKI,ex+
759,'',cccgcgGCCgcgtcc,3,KSADLKRHIRI,GCRELSRHIRT,RSDERKRHTKI,ex+
760,'',cccgcgGATgcgtcc,3,KSADLKRHIRI,TSGNLVRHIRT,RSDERKRHTKI,ex+
761,'',cccgcgGGTgcgtcc,3,KSADLKRHIRI,TSGHLVRHIRT,RSDERKRHTKI,ex+
762,'',cccgcgGGGgcgtcc,3,KSADLKRHIRI,TADKLSRHIRT,RSDERKRHTKI,ex+
763,'',cccgcgGCTgcgtcc,3,KSADLKRHIRI,TSGELVRHIRT,RSDERKRHTKI,ex+
764,'',cccgcgGCTgcgtcc,3,KSADLKRHIRI,SSQTLTRHIRT,RSDERKRHTKI,ex+
765,'',cccgcgGGTgcgtcc,3,KSADLKRHIRI,TSGSLTRHIRT,RSDERKRHTKI,ex+
766,'',cccgcgGGTgcgtcc,3,KSADLKRHIRI,TSGSLVRHIRT,RSDERKRHTKI,ex+
767,'',cccgcgGGTgcgtcc,3,KSADLKRHIRI,TSGALVRHIRT,RSDERKRHTKI,ex+
768,'',cccgcgGCTgcgtcc,3,KSADLKRHIRI,TSGDLVRHIRT,RSDERKRHTKI,ex+
769,'',cccgcgGCTgcgtcc,3,KSADLKRHIRI,TSGTLVRHIRT,RSDERKRHTKI,ex+
770,'',cccgcgGCTgcgtcc,3,KSADLKRHIRI,TSQSLVRHIRT,RSDERKRHTKI,ex+
771,'',cccgcgGCTgcgtcc,3,KSADLKRHIRI,TSQTLVRHIRT,RSDERKRHTKI,ex+
772,'',cccgcgGGGgcgtcc,3,KSADLKRHIRI,RSDKLVRHIRT,RSDERKRHTKI,ex+
773,'',cccgcgGAGgcgtcc,3,KSADLKRHIRI,RSAKLVRHIRT,RSDERKRHTKI,ex+
774,'',cccgcgGGAgcgtcc,3,KSADLKRHIRI,QRAHLERHIRT,RSDERKRHTKI,ex+
775,'',cccgcgGGCgcgtcc,3,KSADLKRHIRI,QRAKLERHIRT,RSDERKRHTKI,ex+
776,'',cccgcgGGAgcgtcc,3,KSADLKRHIRI,QSSHLVRHIRT,RSDERKRHTKI,ex+
777,'',cccgcgGGCgcgtcc,3,KSADLKRHIRI,QSSKLVRHIRT,RSDERKRHTKI,ex+
778,'',cccgcgGGTgcgtcc,3,KSADLKRHIRI,TSGHLVRHIRT,RSDERKRHTKI,ex+
779,'',cccgcgGGCgcgtcc,3,KSADLKRHIRI,TSGKLVRHIRT,RSDERKRHTKI,ex+
780,'',cccgcgGGTgcgtcc,3,KSADLKRHIRI,TADHLSRHIRT,RSDERKRHTKI,ex+
781,'',cccgcgGGGgcgtcc,3,KSADLKRHIRI,TADKLSRHIRT,RSDERKRHTKI,ex+
782,'',cccgcgGGAgcgtcc,3,KSADLKRHIRI,RSDHLTTHIRT,RSDERKRHTKI,ex-
783,'',cccgcgGGCgcgtcc,3,KSADLKRHIRI,RSDHLTTHIRT,RSDERKRHTKI,ex-
784,'',cccgcgGAAgcgtcc,3,KSADLKRHIRI,RSDHLTTHIRT,RSDERKRHTKI,ex-
785,'',cccgcgGATgcgtcc,3,KSADLKRHIRI,RSDHLTTHIRT,RSDERKRHTKI,ex-
786,'',cccgcgGACgcgtcc,3,KSADLKRHIRI,RSDHLTTHIRT,RSDERKRHTKI,ex-
787,'',cccgcgGTGgcgtcc,3,KSADLKRHIRI,RSDHLTTHIRT,RSDERKRHTKI,ex-
788,'',cccgcgGTAgcgtcc,3,KSADLKRHIRI,RSDHLTTHIRT,RSDERKRHTKI,ex-
789,'',cccgcgGTTgcgtcc,3,KSADLKRHIRI,RSDHLTTHIRT,RSDERKRHTKI,ex-
790,'',cccgcgGTCgcgtcc,3,KSADLKRHIRI,RSDHLTTHIRT,RSDERKRHTKI,ex-
791,'',cccgcgGCGgcgtcc,3,KSADLKRHIRI,RSDHLTTHIRT,RSDERKRHTKI,ex-
792,'',cccgcgGCAgcgtcc,3,KSADLKRHIRI,RSDHLTTHIRT,RSDERKRHTKI,ex-
793,'',cccgcgGCTgcgtcc,3,KSADLKRHIRI,RSDHLTTHIRT,RSDERKRHTKI,ex-
794,'',cccgcgGCCgcgtcc,3,KSADLKRHIRI,RSDHLTTHIRT,RSDERKRHTKI,ex-
795,'',cccgcgGAAgcgtcc,3,KSADLKRHIRI,RSDHLTRHIRT,RSDERKRHTKI,ex-
796,'',cccgcgGATgcgtcc,3,KSADLKRHIRI,RSDHLTRHIRT,RSDERKRHTKI,ex-
797,'',cccgcgGACgcgtcc,3,KSADLKRHIRI,RSDHLTRHIRT,RSDERKRHTKI,ex-
798,'',cccgcgGTAgcgtcc,3,KSADLKRHIRI,RSDHLTRHIRT,RSDERKRHTKI,ex-
799,'',cccgcgGTTgcgtcc,3,KSADLKRHIRI,RSDHLTRHIRT,RSDERKRHTKI,ex-
800,'',cccgcgGTCgcgtcc,3,KSADLKRHIRI,RSDHLTRHIRT,RSDERKRHTKI,ex-
801,'',cccgcgGCAgcgtcc,3,KSADLKRHIRI,RSDHLTRHIRT,RSDERKRHTKI,ex-
802,'',cccgcgGCTgcgtcc,3,KSADLKRHIRI,RSDHLTRHIRT,RSDERKRHTKI,ex-
803,'',cccgcgGCCgcgtcc,3,KSADLKRHIRI,RSDHLTRHIRT,RSDERKRHTKI,ex-
804,'',cccgcgGGAgcgtcc,3,KSADLKRHIRI,RSDKLTRHIRT,RSDERKRHTKI,ex-
805,'',cccgcgGAAgcgtcc,3,KSADLKRHIRI,RSDKLTRHIRT,RSDERKRHTKI,ex-
806,'',cccgcgGATgcgtcc,3,KSADLKRHIRI,RSDKLTRHIRT,RSDERKRHTKI,ex-
807,'',cccgcgGACgcgtcc,3,KSADLKRHIRI,RSDKLTRHIRT,RSDERKRHTKI,ex-
808,'',cccgcgGTAgcgtcc,3,KSADLKRHIRI,RSDKLTRHIRT,RSDERKRHTKI,ex-
809,'',cccgcgGTTgcgtcc,3,KSADLKRHIRI,RSDKLTRHIRT,RSDERKRHTKI,ex-
810,'',cccgcgGTCgcgtcc,3,KSADLKRHIRI,RSDKLTRHIRT,RSDERKRHTKI,ex-
811,'',cccgcgGCGgcgtcc,3,KSADLKRHIRI,RSDKLTRHIRT,RSDERKRHTKI,ex-
812,'',cccgcgGCAgcgtcc,3,KSADLKRHIRI,RSDKLTRHIRT,RSDERKRHTKI,ex-
813,'',cccgcgGGAgcgtcc,3,KSADLKRHIRI,RSDKLVRHIRT,RSDERKRHTKI,ex-
814,'',cccgcgGAAgcgtcc,3,KSADLKRHIRI,RSDKLVRHIRT,RSDERKRHTKI,ex-
815,'',cccgcgGATgcgtcc,3,KSADLKRHIRI,RSDKLVRHIRT,RSDERKRHTKI,ex-
816,'',cccgcgGACgcgtcc,3,KSADLKRHIRI,RSDKLVRHIRT,RSDERKRHTKI,ex-
817,'',cccgcgGTGgcgtcc,3,KSADLKRHIRI,RSDKLVRHIRT,RSDERKRHTKI,ex-
818,'',cccgcgGTAgcgtcc,3,KSADLKRHIRI,RSDKLVRHIRT,RSDERKRHTKI,ex-
819,'',cccgcgGTTgcgtcc,3,KSADLKRHIRI,RSDKLVRHIRT,RSDERKRHTKI,ex-
820,'',cccgcgGTCgcgtcc,3,KSADLKRHIRI,RSDKLVRHIRT,RSDERKRHTKI,ex-
821,'',cccgcgGCGgcgtcc,3,KSADLKRHIRI,RSDKLVRHIRT,RSDERKRHTKI,ex-
822,'',cccgcgGCAgcgtcc,3,KSADLKRHIRI,RSDKLVRHIRT,RSDERKRHTKI,ex-
823,'',cccgcgGCTgcgtcc,3,KSADLKRHIRI,RSDKLVRHIRT,RSDERKRHTKI,ex-
824,'',cccgcgGCCgcgtcc,3,KSADLKRHIRI,RSDKLVRHIRT,RSDERKRHTKI,ex-
825,'',cccgcgGTCgcgtcc,3,KSADLKRHIRI,RSDNLRRHIRT,RSDERKRHTKI,ex-
826,'',cccgcgGCTgcgtcc,3,KSADLKRHIRI,RSDNLRRHIRT,RSDERKRHTKI,ex-
827,'',cccgcgGGAgcgtcc,3,KSADLKRHIRI,RSDNLVRHIRT,RSDERKRHTKI,ex-
828,'',cccgcgGGTgcgtcc,3,KSADLKRHIRI,RSDNLVRHIRT,RSDERKRHTKI,ex-
829,'',cccgcgGGCgcgtcc,3,KSADLKRHIRI,RSDNLVRHIRT,RSDERKRHTKI,ex-
830,'',cccgcgGAAgcgtcc,3,KSADLKRHIRI,RSDNLVRHIRT,RSDERKRHTKI,ex-
831,'',cccgcgGATgcgtcc,3,KSADLKRHIRI,RSDNLVRHIRT,RSDERKRHTKI,ex-
832,'',cccgcgGACgcgtcc,3,KSADLKRHIRI,RSDNLVRHIRT,RSDERKRHTKI,ex-
833,'',cccgcgGTAgcgtcc,3,KSADLKRHIRI,RSDNLVRHIRT,RSDERKRHTKI,ex-
834,'',cccgcgGTTgcgtcc,3,KSADLKRHIRI,RSDNLVRHIRT,RSDERKRHTKI,ex-
835,'',cccgcgGTCgcgtcc,3,KSADLKRHIRI,RSDNLVRHIRT,RSDERKRHTKI,ex-
836,'',cccgcgGCAgcgtcc,3,KSADLKRHIRI,RSDNLVRHIRT,RSDERKRHTKI,ex-
837,'',cccgcgGCTgcgtcc,3,KSADLKRHIRI,RSDNLVRHIRT,RSDERKRHTKI,ex-
838,'',cccgcgGCCgcgtcc,3,KSADLKRHIRI,RSDNLVRHIRT,RSDERKRHTKI,ex-
839,'',cccgcgGGAgcgtcc,3,KSADLKRHIRI,RSDALVRHIRT,RSDERKRHTKI,ex-
840,'',cccgcgGGTgcgtcc,3,KSADLKRHIRI,RSDALVRHIRT,RSDERKRHTKI,ex-
841,'',cccgcgGGCgcgtcc,3,KSADLKRHIRI,RSDALVRHIRT,RSDERKRHTKI,ex-
842,'',cccgcgGAAgcgtcc,3,KSADLKRHIRI,RSDALVRHIRT,RSDERKRHTKI,ex-
843,'',cccgcgGATgcgtcc,3,KSADLKRHIRI,RSDALVRHIRT,RSDERKRHTKI,ex-
844,'',cccgcgGACgcgtcc,3,KSADLKRHIRI,RSDALVRHIRT,RSDERKRHTKI,ex-
845,'',cccgcgGTTgcgtcc,3,KSADLKRHIRI,RSDALVRHIRT,RSDERKRHTKI,ex-
846,'',cccgcgGTCgcgtcc,3,KSADLKRHIRI,RSDALVRHIRT,RSDERKRHTKI,ex-
847,'',cccgcgGCAgcgtcc,3,KSADLKRHIRI,RSDALVRHIRT,RSDERKRHTKI,ex-
848,'',cccgcgGCTgcgtcc,3,KSADLKRHIRI,RSDALVRHIRT,RSDERKRHTKI,ex-
849,'',cccgcgGCCgcgtcc,3,KSADLKRHIRI,RSDALVRHIRT,RSDERKRHTKI,ex-
850,'',cccgcgGGAgcgtcc,3,KSADLKRHIRI,RSDDLVRHIRT,RSDERKRHTKI,ex-
851,'',cccgcgGGTgcgtcc,3,KSADLKRHIRI,RSDDLVRHIRT,RSDERKRHTKI,ex-
852,'',cccgcgGGCgcgtcc,3,KSADLKRHIRI,RSDDLVRHIRT,RSDERKRHTKI,ex-
853,'',cccgcgGAAgcgtcc,3,KSADLKRHIRI,RSDDLVRHIRT,RSDERKRHTKI,ex-
854,'',cccgcgGATgcgtcc,3,KSADLKRHIRI,RSDDLVRHIRT,RSDERKRHTKI,ex-
855,'',cccgcgGACgcgtcc,3,KSADLKRHIRI,RSDDLVRHIRT,RSDERKRHTKI,ex-
856,'',cccgcgGTAgcgtcc,3,KSADLKRHIRI,RSDDLVRHIRT,RSDERKRHTKI,ex-
857,'',cccgcgGTTgcgtcc,3,KSADLKRHIRI,RSDDLVRHIRT,RSDERKRHTKI,ex-
858,'',cccgcgGTCgcgtcc,3,KSADLKRHIRI,RSDDLVRHIRT,RSDERKRHTKI,ex-
859,'',cccgcgGCAgcgtcc,3,KSADLKRHIRI,RSDDLVRHIRT,RSDERKRHTKI,ex-
860,'',cccgcgGCAgcgtcc,3,KSADLKRHIRI,RSDELVRHIRT,RSDERKRHTKI,ex-
861,'',cccgcgGCTgcgtcc,3,KSADLKRHIRI,RSDELVRHIRT,RSDERKRHTKI,ex-
862,'',cccgcgGCCgcgtcc,3,KSADLKRHIRI,RSDELVRHIRT,RSDERKRHTKI,ex-
863,'',cccgcgGGAgcgtcc,3,KSADLKRHIRI,RSDSLVRHIRT,RSDERKRHTKI,ex-
864,'',cccgcgGGTgcgtcc,3,KSADLKRHIRI,RSDSLVRHIRT,RSDERKRHTKI,ex-
865,'',cccgcgGGCgcgtcc,3,KSADLKRHIRI,RSDSLVRHIRT,RSDERKRHTKI,ex-
866,'',cccgcgGAAgcgtcc,3,KSADLKRHIRI,RSDSLVRHIRT,RSDERKRHTKI,ex-
867,'',cccgcgGATgcgtcc,3,KSADLKRHIRI,RSDSLVRHIRT,RSDERKRHTKI,ex-
868,'',cccgcgGACgcgtcc,3,KSADLKRHIRI,RSDSLVRHIRT,RSDERKRHTKI,ex-
869,'',cccgcgGTTgcgtcc,3,KSADLKRHIRI,RSDSLVRHIRT,RSDERKRHTKI,ex-
870,'',cccgcgGTCgcgtcc,3,KSADLKRHIRI,RSDSLVRHIRT,RSDERKRHTKI,ex-
871,'',cccgcgGGAgcgtcc,3,KSADLKRHIRI,RSDTLVRHIRT,RSDERKRHTKI,ex-
872,'',cccgcgGGTgcgtcc,3,KSADLKRHIRI,RSDTLVRHIRT,RSDERKRHTKI,ex-
873,'',cccgcgGGCgcgtcc,3,KSADLKRHIRI,RSDTLVRHIRT,RSDERKRHTKI,ex-
874,'',cccgcgGAAgcgtcc,3,KSADLKRHIRI,RSDTLVRHIRT,RSDERKRHTKI,ex-
875,'',cccgcgGATgcgtcc,3,KSADLKRHIRI,RSDTLVRHIRT,RSDERKRHTKI,ex-
876,'',cccgcgGACgcgtcc,3,KSADLKRHIRI,RSDTLVRHIRT,RSDERKRHTKI,ex-
877,'',cccgcgGTTgcgtcc,3,KSADLKRHIRI,RSDTLVRHIRT,RSDERKRHTKI,ex-
878,'',cccgcgGTCgcgtcc,3,KSADLKRHIRI,RSDTLVRHIRT,RSDERKRHTKI,ex-
879,'',cccgcgGGAgcgtcc,3,KSADLKRHIRI,RSDVLVRHIRT,RSDERKRHTKI,ex-
880,'',cccgcgGGTgcgtcc,3,KSADLKRHIRI,RSDVLVRHIRT,RSDERKRHTKI,ex-
881,'',cccgcgGGCgcgtcc,3,KSADLKRHIRI,RSDVLVRHIRT,RSDERKRHTKI,ex-
882,'',cccgcgGAAgcgtcc,3,KSADLKRHIRI,RSDVLVRHIRT,RSDERKRHTKI,ex-
883,'',cccgcgGATgcgtcc,3,KSADLKRHIRI,RSDVLVRHIRT,RSDERKRHTKI,ex-
884,'',cccgcgGACgcgtcc,3,KSADLKRHIRI,RSDVLVRHIRT,RSDERKRHTKI,ex-
885,'',cccgcgGTAgcgtcc,3,KSADLKRHIRI,RSDVLVRHIRT,RSDERKRHTKI,ex-
886,'',cccgcgGTTgcgtcc,3,KSADLKRHIRI,RSDVLVRHIRT,RSDERKRHTKI,ex-
887,'',cccgcgGTCgcgtcc,3,KSADLKRHIRI,RSDVLVRHIRT,RSDERKRHTKI,ex-
888,'',cccgcgGCAgcgtcc,3,KSADLKRHIRI,RSDVLVRHIRT,RSDERKRHTKI,ex-
889,'',cccgcgGCTgcgtcc,3,KSADLKRHIRI,RSDVLVRHIRT,RSDERKRHTKI,ex-
890,'',cccgcgGGAgcgtcc,3,KSADLKRHIRI,KSDDLVRHIRT,RSDERKRHTKI,ex-
891,'',cccgcgGGAgcgtcc,3,KSADLKRHIRI,KSDTLVRHIRT,RSDERKRHTKI,ex-
892,'',cccgcgGAAgcgtcc,3,KSADLKRHIRI,KSDTLVRHIRT,RSDERKRHTKI,ex-
893,'',cccgcgGATgcgtcc,3,KSADLKRHIRI,KSDTLVRHIRT,RSDERKRHTKI,ex-
894,'',cccgcgGACgcgtcc,3,KSADLKRHIRI,KSDTLVRHIRT,RSDERKRHTKI,ex-
895,'',cccgcgGTTgcgtcc,3,KSADLKRHIRI,KSDTLVRHIRT,RSDERKRHTKI,ex-
896,'',cccgcgGCAgcgtcc,3,KSADLKRHIRI,KSDTLVRHIRT,RSDERKRHTKI,ex-
897,'',cccgcgGGTgcgtcc,3,KSADLKRHIRI,KSADLKRHIRT,RSDERKRHTKI,ex-
898,'',cccgcgGAAgcgtcc,3,KSADLKRHIRI,KSADLKRHIRT,RSDERKRHTKI,ex-
899,'',cccgcgGGGgcgtcc,3,KSADLKRHIRI,KSAELKRHIRT,RSDERKRHTKI,ex-
900,'',cccgcgGGAgcgtcc,3,KSADLKRHIRI,KSAELKRHIRT,RSDERKRHTKI,ex-
901,'',cccgcgGAAgcgtcc,3,KSADLKRHIRI,KSAELKRHIRT,RSDERKRHTKI,ex-
902,'',cccgcgGTGgcgtcc,3,KSADLKRHIRI,KSAELKRHIRT,RSDERKRHTKI,ex-
903,'',cccgcgGCGgcgtcc,3,KSADLKRHIRI,KSAELKRHIRT,RSDERKRHTKI,ex-
904,'',cccgcgGGAgcgtcc,3,KSADLKRHIRI,KSAELVRHIRT,RSDERKRHTKI,ex-
905,'',cccgcgGAAgcgtcc,3,KSADLKRHIRI,KSAELVRHIRT,RSDERKRHTKI,ex-
906,'',cccgcgGCGgcgtcc,3,KSADLKRHIRI,KSAELVRHIRT,RSDERKRHTKI,ex-
907,'',cccgcgGCAgcgtcc,3,KSADLKRHIRI,KSAELVRHIRT,RSDERKRHTKI,ex-
908,'',cccgcgGGAgcgtcc,3,KSADLKRHIRI,RSDDLVKHIRT,RSDERKRHTKI,ex-
909,'',cccgcgGAAgcgtcc,3,KSADLKRHIRI,RSDDLVKHIRT,RSDERKRHTKI,ex-
910,'',cccgcgGTAgcgtcc,3,KSADLKRHIRI,RSDDLVKHIRT,RSDERKRHTKI,ex-
911,'',cccgcgGGAgcgtcc,3,KSADLKRHIRI,RSDELVKHIRT,RSDERKRHTKI,ex-
912,'',cccgcgGAAgcgtcc,3,KSADLKRHIRI,RSDELVKHIRT,RSDERKRHTKI,ex-
913,'',cccgcgGATgcgtcc,3,KSADLKRHIRI,RSDELVKHIRT,RSDERKRHTKI,ex-
914,'',cccgcgGTAgcgtcc,3,KSADLKRHIRI,RSDELVKHIRT,RSDERKRHTKI,ex-
915,'',cccgcgGTTgcgtcc,3,KSADLKRHIRI,RSDELVKHIRT,RSDERKRHTKI,ex-
916,'',cccgcgGTCgcgtcc,3,KSADLKRHIRI,RSDELVKHIRT,RSDERKRHTKI,ex-
917,'',cccgcgGCAgcgtcc,3,KSADLKRHIRI,RSDELVKHIRT,RSDERKRHTKI,ex-
918,'',cccgcgGGGgcgtcc,3,KSADLKRHIRI,QRSNLVRHIRT,RSDERKRHTKI,ex-
919,'',cccgcgGGTgcgtcc,3,KSADLKRHIRI,QRSNLVRHIRT,RSDERKRHTKI,ex-
920,'',cccgcgGGCgcgtcc,3,KSADLKRHIRI,QRSNLVRHIRT,RSDERKRHTKI,ex-
921,'',cccgcgGTGgcgtcc,3,KSADLKRHIRI,QRSNLVRHIRT,RSDERKRHTKI,ex-
922,'',cccgcgGTTgcgtcc,3,KSADLKRHIRI,QRSNLVRHIRT,RSDERKRHTKI,ex-
923,'',cccgcgGTCgcgtcc,3,KSADLKRHIRI,QRSNLVRHIRT,RSDERKRHTKI,ex-
924,'',cccgcgGCGgcgtcc,3,KSADLKRHIRI,QRSNLVRHIRT,RSDERKRHTKI,ex-
925,'',cccgcgGCCgcgtcc,3,KSADLKRHIRI,QRSNLVRHIRT,RSDERKRHTKI,ex-
926,'',cccgcgGGGgcgtcc,3,KSADLKRHIRI,QSSNLVRHIRT,RSDERKRHTKI,ex-
927,'',cccgcgGGAgcgtcc,3,KSADLKRHIRI,QSSNLVRHIRT,RSDERKRHTKI,ex-
928,'',cccgcgGGTgcgtcc,3,KSADLKRHIRI,QSSNLVRHIRT,RSDERKRHTKI,ex-
929,'',cccgcgGGCgcgtcc,3,KSADLKRHIRI,QSSNLVRHIRT,RSDERKRHTKI,ex-
930,'',cccgcgGTGgcgtcc,3,KSADLKRHIRI,QSSNLVRHIRT,RSDERKRHTKI,ex-
931,'',cccgcgGTAgcgtcc,3,KSADLKRHIRI,QSSNLVRHIRT,RSDERKRHTKI,ex-
932,'',cccgcgGTTgcgtcc,3,KSADLKRHIRI,QSSNLVRHIRT,RSDERKRHTKI,ex-
933,'',cccgcgGTCgcgtcc,3,KSADLKRHIRI,QSSNLVRHIRT,RSDERKRHTKI,ex-
934,'',cccgcgGCGgcgtcc,3,KSADLKRHIRI,QSSNLVRHIRT,RSDERKRHTKI,ex-
935,'',cccgcgGCAgcgtcc,3,KSADLKRHIRI,QSSNLVRHIRT,RSDERKRHTKI,ex-
936,'',cccgcgGCTgcgtcc,3,KSADLKRHIRI,QSSNLVRHIRT,RSDERKRHTKI,ex-
937,'',cccgcgGCCgcgtcc,3,KSADLKRHIRI,QSSNLVRHIRT,RSDERKRHTKI,ex-
938,'',cccgcgGGGgcgtcc,3,KSADLKRHIRI,QSSSLVRHIRT,RSDERKRHTKI,ex-
939,'',cccgcgGGAgcgtcc,3,KSADLKRHIRI,QSSSLVRHIRT,RSDERKRHTKI,ex-
940,'',cccgcgGGTgcgtcc,3,KSADLKRHIRI,QSSSLVRHIRT,RSDERKRHTKI,ex-
941,'',cccgcgGGCgcgtcc,3,KSADLKRHIRI,QSSSLVRHIRT,RSDERKRHTKI,ex-
942,'',cccgcgGAGgcgtcc,3,KSADLKRHIRI,QSSSLVRHIRT,RSDERKRHTKI,ex-
943,'',cccgcgGAAgcgtcc,3,KSADLKRHIRI,QSSSLVRHIRT,RSDERKRHTKI,ex-
944,'',cccgcgGATgcgtcc,3,KSADLKRHIRI,QSSSLVRHIRT,RSDERKRHTKI,ex-
945,'',cccgcgGACgcgtcc,3,KSADLKRHIRI,QSSSLVRHIRT,RSDERKRHTKI,ex-
946,'',cccgcgGTGgcgtcc,3,KSADLKRHIRI,QSSSLVRHIRT,RSDERKRHTKI,ex-
947,'',cccgcgGTTgcgtcc,3,KSADLKRHIRI,QSSSLVRHIRT,RSDERKRHTKI,ex-
948,'',cccgcgGTCgcgtcc,3,KSADLKRHIRI,QSSSLVRHIRT,RSDERKRHTKI,ex-
949,'',cccgcgGCGgcgtcc,3,KSADLKRHIRI,QSSSLVRHIRT,RSDERKRHTKI,ex-
950,'',cccgcgGAGgcgtcc,3,KSADLKRHIRI,QRAHLERHIRT,RSDERKRHTKI,ex-
951,'',cccgcgGACgcgtcc,3,KSADLKRHIRI,QRAHLERHIRT,RSDERKRHTKI,ex-
952,'',cccgcgGTGgcgtcc,3,KSADLKRHIRI,QRAHLERHIRT,RSDERKRHTKI,ex-
953,'',cccgcgGTAgcgtcc,3,KSADLKRHIRI,QRAHLERHIRT,RSDERKRHTKI,ex-
954,'',cccgcgGTTgcgtcc,3,KSADLKRHIRI,QRAHLERHIRT,RSDERKRHTKI,ex-
955,'',cccgcgGTCgcgtcc,3,KSADLKRHIRI,QRAHLERHIRT,RSDERKRHTKI,ex-
956,'',cccgcgGCGgcgtcc,3,KSADLKRHIRI,QRAHLERHIRT,RSDERKRHTKI,ex-
957,'',cccgcgGCAgcgtcc,3,KSADLKRHIRI,QRAHLERHIRT,RSDERKRHTKI,ex-
958,'',cccgcgGCTgcgtcc,3,KSADLKRHIRI,QRAHLERHIRT,RSDERKRHTKI,ex-
959,'',cccgcgGCCgcgtcc,3,KSADLKRHIRI,QRAHLERHIRT,RSDERKRHTKI,ex-
960,'',cccgcgGTGgcgtcc,3,KSADLKRHIRI,QSSHLVRHIRT,RSDERKRHTKI,ex-
961,'',cccgcgGCGgcgtcc,3,KSADLKRHIRI,QSSHLVRHIRT,RSDERKRHTKI,ex-
962,'',cccgcgGGGgcgtcc,3,KSADLKRHIRI,QSGDLRRHIRT,RSDERKRHTKI,ex-
963,'',cccgcgGGTgcgtcc,3,KSADLKRHIRI,QSGDLRRHIRT,RSDERKRHTKI,ex-
964,'',cccgcgGGCgcgtcc,3,KSADLKRHIRI,QSGDLRRHIRT,RSDERKRHTKI,ex-
965,'',cccgcgGATgcgtcc,3,KSADLKRHIRI,QSGDLRRHIRT,RSDERKRHTKI,ex-
966,'',cccgcgGACgcgtcc,3,KSADLKRHIRI,QSGDLRRHIRT,RSDERKRHTKI,ex-
967,'',cccgcgGTGgcgtcc,3,KSADLKRHIRI,QSGDLRRHIRT,RSDERKRHTKI,ex-
968,'',cccgcgGTAgcgtcc,3,KSADLKRHIRI,QSGDLRRHIRT,RSDERKRHTKI,ex-
969,'',cccgcgGTTgcgtcc,3,KSADLKRHIRI,QSGDLRRHIRT,RSDERKRHTKI,ex-
970,'',cccgcgGTCgcgtcc,3,KSADLKRHIRI,QSGDLRRHIRT,RSDERKRHTKI,ex-
971,'',cccgcgGCGgcgtcc,3,KSADLKRHIRI,QSGDLRRHIRT,RSDERKRHTKI,ex-
972,'',cccgcgGGGgcgtcc,3,KSADLKRHIRI,QSSDLVRHIRT,RSDERKRHTKI,ex-
973,'',cccgcgGGAgcgtcc,3,KSADLKRHIRI,QSSDLVRHIRT,RSDERKRHTKI,ex-
974,'',cccgcgGGTgcgtcc,3,KSADLKRHIRI,QSSDLVRHIRT,RSDERKRHTKI,ex-
975,'',cccgcgGGCgcgtcc,3,KSADLKRHIRI,QSSDLVRHIRT,RSDERKRHTKI,ex-
976,'',cccgcgGAGgcgtcc,3,KSADLKRHIRI,QSSDLVRHIRT,RSDERKRHTKI,ex-
977,'',cccgcgGAAgcgtcc,3,KSADLKRHIRI,QSSDLVRHIRT,RSDERKRHTKI,ex-
978,'',cccgcgGATgcgtcc,3,KSADLKRHIRI,QSSDLVRHIRT,RSDERKRHTKI,ex-
979,'',cccgcgGACgcgtcc,3,KSADLKRHIRI,QSSDLVRHIRT,RSDERKRHTKI,ex-
980,'',cccgcgGTTgcgtcc,3,KSADLKRHIRI,QSSDLVRHIRT,RSDERKRHTKI,ex-
981,'',cccgcgGTCgcgtcc,3,KSADLKRHIRI,QSSDLVRHIRT,RSDERKRHTKI,ex-
982,'',cccgcgGGGgcgtcc,3,KSADLKRHIRI,QSGDLVRHIRT,RSDERKRHTKI,ex-
983,'',cccgcgGGTgcgtcc,3,KSADLKRHIRI,QSGDLVRHIRT,RSDERKRHTKI,ex-
984,'',cccgcgGGCgcgtcc,3,KSADLKRHIRI,QSGDLVRHIRT,RSDERKRHTKI,ex-
985,'',cccgcgGACgcgtcc,3,KSADLKRHIRI,QSGDLVRHIRT,RSDERKRHTKI,ex-
986,'',cccgcgGTGgcgtcc,3,KSADLKRHIRI,QSGDLVRHIRT,RSDERKRHTKI,ex-
987,'',cccgcgGTAgcgtcc,3,KSADLKRHIRI,QSGDLVRHIRT,RSDERKRHTKI,ex-
988,'',cccgcgGTTgcgtcc,3,KSADLKRHIRI,QSGDLVRHIRT,RSDERKRHTKI,ex-
989,'',cccgcgGTCgcgtcc,3,KSADLKRHIRI,QSGDLVRHIRT,RSDERKRHTKI,ex-
990,'',cccgcgGCGgcgtcc,3,KSADLKRHIRI,QSGDLVRHIRT,RSDERKRHTKI,ex-
991,'',cccgcgGGGgcgtcc,3,KSADLKRHIRI,QSGELVRHIRT,RSDERKRHTKI,ex-
992,'',cccgcgGGAgcgtcc,3,KSADLKRHIRI,QSGELVRHIRT,RSDERKRHTKI,ex-
993,'',cccgcgGGTgcgtcc,3,KSADLKRHIRI,QSGELVRHIRT,RSDERKRHTKI,ex-
994,'',cccgcgGGCgcgtcc,3,KSADLKRHIRI,QSGELVRHIRT,RSDERKRHTKI,ex-
995,'',cccgcgGAGgcgtcc,3,KSADLKRHIRI,QSGELVRHIRT,RSDERKRHTKI,ex-
996,'',cccgcgGAAgcgtcc,3,KSADLKRHIRI,QSGELVRHIRT,RSDERKRHTKI,ex-
997,'',cccgcgGATgcgtcc,3,KSADLKRHIRI,QSGELVRHIRT,RSDERKRHTKI,ex-
998,'',cccgcgGACgcgtcc,3,KSADLKRHIRI,QSGELVRHIRT,RSDERKRHTKI,ex-
999,'',cccgcgGTGgcgtcc,3,KSADLKRHIRI,QSGELVRHIRT,RSDERKRHTKI,ex-
1000,'',cccgcgGTTgcgtcc,3,KSADLKRHIRI,QSGELVRHIRT,RSDERKRHTKI,ex-
1001,'',cccgcgGCGgcgtcc,3,KSADLKRHIRI,QSGELVRHIRT,RSDERKRHTKI,ex-
1002,'',cccgcgGGGgcgtcc,3,KSADLKRHIRI,QSGTLRRHIRT,RSDERKRHTKI,ex-
1003,'',cccgcgGGTgcgtcc,3,KSADLKRHIRI,QSGTLRRHIRT,RSDERKRHTKI,ex-
1004,'',cccgcgGGCgcgtcc,3,KSADLKRHIRI,QSGTLRRHIRT,RSDERKRHTKI,ex-
1005,'',cccgcgGAGgcgtcc,3,KSADLKRHIRI,QSGTLRRHIRT,RSDERKRHTKI,ex-
1006,'',cccgcgGATgcgtcc,3,KSADLKRHIRI,QSGTLRRHIRT,RSDERKRHTKI,ex-
1007,'',cccgcgGTGgcgtcc,3,KSADLKRHIRI,QSGTLRRHIRT,RSDERKRHTKI,ex-
1008,'',cccgcgGTTgcgtcc,3,KSADLKRHIRI,QSGTLRRHIRT,RSDERKRHTKI,ex-
1009,'',cccgcgGCGgcgtcc,3,KSADLKRHIRI,QSGTLRRHIRT,RSDERKRHTKI,ex-
1010,'',cccgcgGATgcgtcc,3,KSADLKRHIRI,QSGHLVRHIRT,RSDERKRHTKI,ex-
1011,'',cccgcgGACgcgtcc,3,KSADLKRHIRI,QSGHLVRHIRT,RSDERKRHTKI,ex-
1012,'',cccgcgGTGgcgtcc,3,KSADLKRHIRI,QSGHLVRHIRT,RSDERKRHTKI,ex-
1013,'',cccgcgGTAgcgtcc,3,KSADLKRHIRI,QSGHLVRHIRT,RSDERKRHTKI,ex-
1014,'',cccgcgGTTgcgtcc,3,KSADLKRHIRI,QSGHLVRHIRT,RSDERKRHTKI,ex-
1015,'',cccgcgGTCgcgtcc,3,KSADLKRHIRI,QSGHLVRHIRT,RSDERKRHTKI,ex-
1016,'',cccgcgGCGgcgtcc,3,KSADLKRHIRI,QSGHLVRHIRT,RSDERKRHTKI,ex-
1017,'',cccgcgGCAgcgtcc,3,KSADLKRHIRI,QSGHLVRHIRT,RSDERKRHTKI,ex-
1018,'',cccgcgGGGgcgtcc,3,KSADLKRHIRI,QSGNLVRHIRT,RSDERKRHTKI,ex-
1019,'',cccgcgGGAgcgtcc,3,KSADLKRHIRI,QSGNLVRHIRT,RSDERKRHTKI,ex-
1020,'',cccgcgGGTgcgtcc,3,KSADLKRHIRI,QSGNLVRHIRT,RSDERKRHTKI,ex-
1021,'',cccgcgGGCgcgtcc,3,KSADLKRHIRI,QSGNLVRHIRT,RSDERKRHTKI,ex-
1022,'',cccgcgGTGgcgtcc,3,KSADLKRHIRI,QSGNLVRHIRT,RSDERKRHTKI,ex-
1023,'',cccgcgGTAgcgtcc,3,KSADLKRHIRI,QSGNLVRHIRT,RSDERKRHTKI,ex-
1024,'',cccgcgGTTgcgtcc,3,KSADLKRHIRI,QSGNLVRHIRT,RSDERKRHTKI,ex-
1025,'',cccgcgGTCgcgtcc,3,KSADLKRHIRI,QSGNLVRHIRT,RSDERKRHTKI,ex-
1026,'',cccgcgGCGgcgtcc,3,KSADLKRHIRI,QSGNLVRHIRT,RSDERKRHTKI,ex-
1027,'',cccgcgGCAgcgtcc,3,KSADLKRHIRI,QSGNLVRHIRT,RSDERKRHTKI,ex-
1028,'',cccgcgGCCgcgtcc,3,KSADLKRHIRI,QSGNLVRHIRT,RSDERKRHTKI,ex-
1029,'',cccgcgGTGgcgtcc,3,KSADLKRHIRI,DPGNLKRHIRT,RSDERKRHTKI,ex-
1030,'',cccgcgGTAgcgtcc,3,KSADLKRHIRI,DPGNLKRHIRT,RSDERKRHTKI,ex-
1031,'',cccgcgGTTgcgtcc,3,KSADLKRHIRI,DPGNLKRHIRT,RSDERKRHTKI,ex-
1032,'',cccgcgGTCgcgtcc,3,KSADLKRHIRI,DPGNLKRHIRT,RSDERKRHTKI,ex-
1033,'',cccgcgGCGgcgtcc,3,KSADLKRHIRI,DPGNLKRHIRT,RSDERKRHTKI,ex-
1034,'',cccgcgGCAgcgtcc,3,KSADLKRHIRI,DPGNLKRHIRT,RSDERKRHTKI,ex-
1035,'',cccgcgGGGgcgtcc,3,KSADLKRHIRI,DPGNLVRHIRT,RSDERKRHTKI,ex-
1036,'',cccgcgGGAgcgtcc,3,KSADLKRHIRI,DPGNLVRHIRT,RSDERKRHTKI,ex-
1037,'',cccgcgGGTgcgtcc,3,KSADLKRHIRI,DPGNLVRHIRT,RSDERKRHTKI,ex-
1038,'',cccgcgGGCgcgtcc,3,KSADLKRHIRI,DPGNLVRHIRT,RSDERKRHTKI,ex-
1039,'',cccgcgGAAgcgtcc,3,KSADLKRHIRI,DPGNLVRHIRT,RSDERKRHTKI,ex-
1040,'',cccgcgGTGgcgtcc,3,KSADLKRHIRI,DPGNLVRHIRT,RSDERKRHTKI,ex-
1041,'',cccgcgGTAgcgtcc,3,KSADLKRHIRI,DPGNLVRHIRT,RSDERKRHTKI,ex-
1042,'',cccgcgGTTgcgtcc,3,KSADLKRHIRI,DPGNLVRHIRT,RSDERKRHTKI,ex-
1043,'',cccgcgGTCgcgtcc,3,KSADLKRHIRI,DPGNLVRHIRT,RSDERKRHTKI,ex-
1044,'',cccgcgGCGgcgtcc,3,KSADLKRHIRI,DPGNLVRHIRT,RSDERKRHTKI,ex-
1045,'',cccgcgGCAgcgtcc,3,KSADLKRHIRI,DPGNLVRHIRT,RSDERKRHTKI,ex-
1046,'',cccgcgGGGgcgtcc,3,KSADLKRHIRI,DPGALVRHIRT,RSDERKRHTKI,ex-
1047,'',cccgcgGGAgcgtcc,3,KSADLKRHIRI,DPGALVRHIRT,RSDERKRHTKI,ex-
1048,'',cccgcgGGTgcgtcc,3,KSADLKRHIRI,DPGALVRHIRT,RSDERKRHTKI,ex-
1049,'',cccgcgGGCgcgtcc,3,KSADLKRHIRI,DPGALVRHIRT,RSDERKRHTKI,ex-
1050,'',cccgcgGAGgcgtcc,3,KSADLKRHIRI,DPGALVRHIRT,RSDERKRHTKI,ex-
1051,'',cccgcgGAAgcgtcc,3,KSADLKRHIRI,DPGALVRHIRT,RSDERKRHTKI,ex-
1052,'',cccgcgGATgcgtcc,3,KSADLKRHIRI,DPGALVRHIRT,RSDERKRHTKI,ex-
1053,'',cccgcgGACgcgtcc,3,KSADLKRHIRI,DPGALVRHIRT,RSDERKRHTKI,ex-
1054,'',cccgcgGTGgcgtcc,3,KSADLKRHIRI,DPGALVRHIRT,RSDERKRHTKI,ex-
1055,'',cccgcgGCGgcgtcc,3,KSADLKRHIRI,DPGALVRHIRT,RSDERKRHTKI,ex-
1056,'',cccgcgGCAgcgtcc,3,KSADLKRHIRI,DPGALVRHIRT,RSDERKRHTKI,ex-
1057,'',cccgcgGAAgcgtcc,3,KSADLKRHIRI,DPGHLVRHIRT,RSDERKRHTKI,ex-
1058,'',cccgcgGTAgcgtcc,3,KSADLKRHIRI,DPGHLVRHIRT,RSDERKRHTKI,ex-
1059,'',cccgcgGTTgcgtcc,3,KSADLKRHIRI,DPGHLVRHIRT,RSDERKRHTKI,ex-
1060,'',cccgcgGCGgcgtcc,3,KSADLKRHIRI,DPGHLVRHIRT,RSDERKRHTKI,ex-
1061,'',cccgcgGCAgcgtcc,3,KSADLKRHIRI,DPGHLVRHIRT,RSDERKRHTKI,ex-
1062,'',cccgcgGCTgcgtcc,3,KSADLKRHIRI,DPGHLVRHIRT,RSDERKRHTKI,ex-
1063,'',cccgcgGAGgcgtcc,3,KSADLKRHIRI,ERSKLARHIRT,RSDERKRHTKI,ex-
1064,'',cccgcgGAAgcgtcc,3,KSADLKRHIRI,ERSKLARHIRT,RSDERKRHTKI,ex-
1065,'',cccgcgGACgcgtcc,3,KSADLKRHIRI,ERSKLARHIRT,RSDERKRHTKI,ex-
1066,'',cccgcgGTGgcgtcc,3,KSADLKRHIRI,ERSKLARHIRT,RSDERKRHTKI,ex-
1067,'',cccgcgGTAgcgtcc,3,KSADLKRHIRI,ERSKLARHIRT,RSDERKRHTKI,ex-
1068,'',cccgcgGTTgcgtcc,3,KSADLKRHIRI,ERSKLARHIRT,RSDERKRHTKI,ex-
1069,'',cccgcgGCGgcgtcc,3,KSADLKRHIRI,ERSKLARHIRT,RSDERKRHTKI,ex-
1070,'',cccgcgGCAgcgtcc,3,KSADLKRHIRI,ERSKLARHIRT,RSDERKRHTKI,ex-
1071,'',cccgcgGCTgcgtcc,3,KSADLKRHIRI,ERSKLARHIRT,RSDERKRHTKI,ex-
1072,'',cccgcgGCCgcgtcc,3,KSADLKRHIRI,ERSKLARHIRT,RSDERKRHTKI,ex-
1073,'',cccgcgGCGgcgtcc,3,KSADLKRHIRI,DRSKLARHIRT,RSDERKRHTKI,ex-
1074,'',cccgcgGAAgcgtcc,3,KSADLKRHIRI,DPGHLARHIRT,RSDERKRHTKI,ex-
1075,'',cccgcgGTGgcgtcc,3,KSADLKRHIRI,DPGHLARHIRT,RSDERKRHTKI,ex-
1076,'',cccgcgGCGgcgtcc,3,KSADLKRHIRI,DPGHLARHIRT,RSDERKRHTKI,ex-
1077,'',cccgcgGAAgcgtcc,3,KSADLKRHIRI,DPGELVRHIRT,RSDERKRHTKI,ex-
1078,'',cccgcgGTGgcgtcc,3,KSADLKRHIRI,DPGELVRHIRT,RSDERKRHTKI,ex-
1079,'',cccgcgGTAgcgtcc,3,KSADLKRHIRI,DPGELVRHIRT,RSDERKRHTKI,ex-
1080,'',cccgcgGCGgcgtcc,3,KSADLKRHIRI,DPGELVRHIRT,RSDERKRHTKI,ex-
1081,'',cccgcgGGGgcgtcc,3,KSADLKRHIRI,DCRDLARHIRT,RSDERKRHTKI,ex-
1082,'',cccgcgGGAgcgtcc,3,KSADLKRHIRI,DCRDLARHIRT,RSDERKRHTKI,ex-
1083,'',cccgcgGGTgcgtcc,3,KSADLKRHIRI,DCRDLARHIRT,RSDERKRHTKI,ex-
1084,'',cccgcgGGCgcgtcc,3,KSADLKRHIRI,DCRDLARHIRT,RSDERKRHTKI,ex-
1085,'',cccgcgGAGgcgtcc,3,KSADLKRHIRI,DCRDLARHIRT,RSDERKRHTKI,ex-
1086,'',cccgcgGAAgcgtcc,3,KSADLKRHIRI,DCRDLARHIRT,RSDERKRHTKI,ex-
1087,'',cccgcgGATgcgtcc,3,KSADLKRHIRI,DCRDLARHIRT,RSDERKRHTKI,ex-
1088,'',cccgcgGACgcgtcc,3,KSADLKRHIRI,DCRDLARHIRT,RSDERKRHTKI,ex-
1089,'',cccgcgGTGgcgtcc,3,KSADLKRHIRI,DCRDLARHIRT,RSDERKRHTKI,ex-
1090,'',cccgcgGTAgcgtcc,3,KSADLKRHIRI,DCRDLARHIRT,RSDERKRHTKI,ex-
1091,'',cccgcgGTCgcgtcc,3,KSADLKRHIRI,DCRDLARHIRT,RSDERKRHTKI,ex-
1092,'',cccgcgGCGgcgtcc,3,KSADLKRHIRI,DCRDLARHIRT,RSDERKRHTKI,ex-
1093,'',cccgcgGCAgcgtcc,3,KSADLKRHIRI,DCRDLARHIRT,RSDERKRHTKI,ex-
1094,'',cccgcgGGGgcgtcc,3,KSADLKRHIRI,GCRELSRHIRT,RSDERKRHTKI,ex-
1095,'',cccgcgGAAgcgtcc,3,KSADLKRHIRI,GCRELSRHIRT,RSDERKRHTKI,ex-
1096,'',cccgcgGCGgcgtcc,3,KSADLKRHIRI,GCRELSRHIRT,RSDERKRHTKI,ex-
1097,'',cccgcgGGGgcgtcc,3,KSADLKRHIRI,TSGNLVRHIRT,RSDERKRHTKI,ex-
1098,'',cccgcgGGAgcgtcc,3,KSADLKRHIRI,TSGNLVRHIRT,RSDERKRHTKI,ex-
1099,'',cccgcgGGTgcgtcc,3,KSADLKRHIRI,TSGNLVRHIRT,RSDERKRHTKI,ex-
1100,'',cccgcgGGCgcgtcc,3,KSADLKRHIRI,TSGNLVRHIRT,RSDERKRHTKI,ex-
1101,'',cccgcgGACgcgtcc,3,KSADLKRHIRI,TSGNLVRHIRT,RSDERKRHTKI,ex-
1102,'',cccgcgGTGgcgtcc,3,KSADLKRHIRI,TSGNLVRHIRT,RSDERKRHTKI,ex-
1103,'',cccgcgGTAgcgtcc,3,KSADLKRHIRI,TSGNLVRHIRT,RSDERKRHTKI,ex-
1104,'',cccgcgGTTgcgtcc,3,KSADLKRHIRI,TSGNLVRHIRT,RSDERKRHTKI,ex-
1105,'',cccgcgGTCgcgtcc,3,KSADLKRHIRI,TSGNLVRHIRT,RSDERKRHTKI,ex-
1106,'',cccgcgGCGgcgtcc,3,KSADLKRHIRI,TSGNLVRHIRT,RSDERKRHTKI,ex-
1107,'',cccgcgGCAgcgtcc,3,KSADLKRHIRI,TSGNLVRHIRT,RSDERKRHTKI,ex-
1108,'',cccgcgGCCgcgtcc,3,KSADLKRHIRI,TSGNLVRHIRT,RSDERKRHTKI,ex-
1109,'',cccgcgGAAgcgtcc,3,KSADLKRHIRI,TADKLSRHIRT,RSDERKRHTKI,ex-
1110,'',cccgcgGACgcgtcc,3,KSADLKRHIRI,TADKLSRHIRT,RSDERKRHTKI,ex-
1111,'',cccgcgGTGgcgtcc,3,KSADLKRHIRI,TADKLSRHIRT,RSDERKRHTKI,ex-
1112,'',cccgcgGTTgcgtcc,3,KSADLKRHIRI,TADKLSRHIRT,RSDERKRHTKI,ex-
1113,'',cccgcgGCGgcgtcc,3,KSADLKRHIRI,TADKLSRHIRT,RSDERKRHTKI,ex-
1114,'',cccgcgGCAgcgtcc,3,KSADLKRHIRI,TADKLSRHIRT,RSDERKRHTKI,ex-
1115,'',cccgcgGCTgcgtcc,3,KSADLKRHIRI,TADKLSRHIRT,RSDERKRHTKI,ex-
1116,'',cccgcgGCCgcgtcc,3,KSADLKRHIRI,TADKLSRHIRT,RSDERKRHTKI,ex-
1117,'',cccgcgGGGgcgtcc,3,KSADLKRHIRI,TSGELVRHIRT,RSDERKRHTKI,ex-
1118,'',cccgcgGGAgcgtcc,3,KSADLKRHIRI,TSGELVRHIRT,RSDERKRHTKI,ex-
1119,'',cccgcgGGCgcgtcc,3,KSADLKRHIRI,TSGELVRHIRT,RSDERKRHTKI,ex-
1120,'',cccgcgGAGgcgtcc,3,KSADLKRHIRI,TSGELVRHIRT,RSDERKRHTKI,ex-
1121,'',cccgcgGAAgcgtcc,3,KSADLKRHIRI,TSGELVRHIRT,RSDERKRHTKI,ex-
1122,'',cccgcgGACgcgtcc,3,KSADLKRHIRI,TSGELVRHIRT,RSDERKRHTKI,ex-
1123,'',cccgcgGCGgcgtcc,3,KSADLKRHIRI,TSGELVRHIRT,RSDERKRHTKI,ex-
1124,'',cccgcgGGAgcgtcc,3,KSADLKRHIRI,SSQTLTRHIRT,RSDERKRHTKI,ex-
1125,'',cccgcgGCGgcgtcc,3,KSADLKRHIRI,TSGSLTRHIRT,RSDERKRHTKI,ex-
1126,'',cccgcgGGGgcgtcc,3,KSADLKRHIRI,TSGDLVRHIRT,RSDERKRHTKI,ex-
1127,'',cccgcgGGAgcgtcc,3,KSADLKRHIRI,TSGDLVRHIRT,RSDERKRHTKI,ex-
1128,'',cccgcgGAAgcgtcc,3,KSADLKRHIRI,TSGDLVRHIRT,RSDERKRHTKI,ex-
1129,'',cccgcgGTAgcgtcc,3,KSADLKRHIRI,TSGDLVRHIRT,RSDERKRHTKI,ex-
1130,'',cccgcgGTTgcgtcc,3,KSADLKRHIRI,TSGDLVRHIRT,RSDERKRHTKI,ex-
1131,'',cccgcgGTCgcgtcc,3,KSADLKRHIRI,TSGDLVRHIRT,RSDERKRHTKI,ex-
1132,'',cccgcgGCGgcgtcc,3,KSADLKRHIRI,TSQTLVRHIRT,RSDERKRHTKI,ex-
1133,'',cccgcgGGAgcgtcc,3,KSADLKRHIRI,RSDKLVRHIRT,RSDERKRHTKI,ex-
1134,'',cccgcgGAAgcgtcc,3,KSADLKRHIRI,RSDKLVRHIRT,RSDERKRHTKI,ex-
1135,'',cccgcgGATgcgtcc,3,KSADLKRHIRI,RSDKLVRHIRT,RSDERKRHTKI,ex-
1136,'',cccgcgGACgcgtcc,3,KSADLKRHIRI,RSDKLVRHIRT,RSDERKRHTKI,ex-
1137,'',cccgcgGTGgcgtcc,3,KSADLKRHIRI,RSDKLVRHIRT,RSDERKRHTKI,ex-
1138,'',cccgcgGTAgcgtcc,3,KSADLKRHIRI,RSDKLVRHIRT,RSDERKRHTKI,ex-
1139,'',cccgcgGTTgcgtcc,3,KSADLKRHIRI,RSDKLVRHIRT,RSDERKRHTKI,ex-
1140,'',cccgcgGTCgcgtcc,3,KSADLKRHIRI,RSDKLVRHIRT,RSDERKRHTKI,ex-
1141,'',cccgcgGCGgcgtcc,3,KSADLKRHIRI,RSDKLVRHIRT,RSDERKRHTKI,ex-
1142,'',cccgcgGCAgcgtcc,3,KSADLKRHIRI,RSDKLVRHIRT,RSDERKRHTKI,ex-
1143,'',cccgcgGCTgcgtcc,3,KSADLKRHIRI,RSDKLVRHIRT,RSDERKRHTKI,ex-
1144,'',cccgcgGCCgcgtcc,3,KSADLKRHIRI,RSDKLVRHIRT,RSDERKRHTKI,ex-
1145,'',cccgcgGCGgcgtcc,3,KSADLKRHIRI,RSAKLVRHIRT,RSDERKRHTKI,ex-
1146,'',cccgcgGCAgcgtcc,3,KSADLKRHIRI,RSAKLVRHIRT,RSDERKRHTKI,ex-
1147,'',cccgcgGAGgcgtcc,3,KSADLKRHIRI,QRAHLERHIRT,RSDERKRHTKI,ex-
1148,'',cccgcgGACgcgtcc,3,KSADLKRHIRI,QRAHLERHIRT,RSDERKRHTKI,ex-
1149,'',cccgcgGTGgcgtcc,3,KSADLKRHIRI,QRAHLERHIRT,RSDERKRHTKI,ex-
1150,'',cccgcgGTTgcgtcc,3,KSADLKRHIRI,QRAHLERHIRT,RSDERKRHTKI,ex-
1151,'',cccgcgGTCgcgtcc,3,KSADLKRHIRI,QRAHLERHIRT,RSDERKRHTKI,ex-
1152,'',cccgcgGCGgcgtcc,3,KSADLKRHIRI,QRAHLERHIRT,RSDERKRHTKI,ex-
1153,'',cccgcgGCAgcgtcc,3,KSADLKRHIRI,QRAHLERHIRT,RSDERKRHTKI,ex-
1154,'',cccgcgGCTgcgtcc,3,KSADLKRHIRI,QRAHLERHIRT,RSDERKRHTKI,ex-
1155,'',cccgcgGCCgcgtcc,3,KSADLKRHIRI,QRAHLERHIRT,RSDERKRHTKI,ex-
1156,'',cccgcgGCGgcgtcc,3,KSADLKRHIRI,QRAKLERHIRT,RSDERKRHTKI,ex-
1157,'',cccgcgGCGgcgtcc,3,KSADLKRHIRI,QSSHLVRHIRT,RSDERKRHTKI,ex-
1158,'',cccgcgGCGgcgtcc,3,KSADLKRHIRI,TSGHLVRHIRT,RSDERKRHTKI,ex-
1159,'',cccgcgGCGgcgtcc,3,KSADLKRHIRI,TSGKLVRHIRT,RSDERKRHTKI,ex-
1160,'',cccgcgGTGgcgtcc,3,KSADLKRHIRI,TADHLSRHIRT,RSDERKRHTKI,ex-
1161,'',cccgcgGCGgcgtcc,3,KSADLKRHIRI,TADHLSRHIRT,RSDERKRHTKI,ex-
1162,'',cccgcgGAAgcgtcc,3,KSADLKRHIRI,TADKLSRHIRT,RSDERKRHTKI,ex-
1163,'',cccgcgGACgcgtcc,3,KSADLKRHIRI,TADKLSRHIRT,RSDERKRHTKI,ex-
1164,'',cccgcgGTGgcgtcc,3,KSADLKRHIRI,TADKLSRHIRT,RSDERKRHTKI,ex-
1165,'',cccgcgGTTgcgtcc,3,KSADLKRHIRI,TADKLSRHIRT,RSDERKRHTKI,ex-
1166,'',cccgcgGCGgcgtcc,3,KSADLKRHIRI,TADKLSRHIRT,RSDERKRHTKI,ex-
1167,'',cccgcgGCAgcgtcc,3,KSADLKRHIRI,TADKLSRHIRT,RSDERKRHTKI,ex-
1168,'',cccgcgGCTgcgtcc,3,KSADLKRHIRI,TADKLSRHIRT,RSDERKRHTKI,ex-
1169,'',cccgcgGCCgcgtcc,3,KSADLKRHIRI,TADKLSRHIRT,RSDERKRHTKI,ex-
